iso3,year,conflict_events_total,conflict_fatalities_best,conflict_fatalities_high,conflict_fatalities_low,conflict_state_based_events,conflict_non_state_events,conflict_one_sided_events,conflict_any_event,conflict_any_fatality
AFG,1989,145,5411,17642,2141,137,8,0,1,1
AFG,1990,45,1514,2311,1359,39,6,0,1,1
AFG,1991,64,3553,4053,3407,60,4,0,1,1
AFG,1992,76,4385,5865,4368,69,3,4,1,1
AFG,1993,115,4105,8433,4097,105,1,9,1,1
AFG,1994,244,9056,12074,9006,234,10,0,1,1
AFG,1995,219,5618,6877,5618,208,10,1,1,1
AFG,1996,234,3595,4056,3369,221,7,6,1,1
AFG,1997,199,6721,8606,4569,195,1,3,1,1
AFG,1998,217,12174,15196,10016,194,3,20,1,1
AFG,1999,189,5065,5857,5030,184,0,5,1,1
AFG,2000,207,5394,5670,4212,194,1,12,1,1
AFG,2001,263,5553,13588,5388,230,0,33,1,1
AFG,2002,94,1157,1646,1123,60,31,3,1,1
AFG,2003,186,944,1322,861,137,36,13,1,1
AFG,2004,241,817,1439,773,210,7,24,1,1
AFG,2005,430,1711,2109,1528,373,0,57,1,1
AFG,2006,848,4982,5853,4911,779,2,67,1,1
AFG,2007,1044,7037,8601,6480,977,1,66,1,1
AFG,2008,1115,5661,7194,5185,1080,0,35,1,1
AFG,2009,1514,6499,8180,5765,1450,0,64,1,1
AFG,2010,1806,7151,8605,6995,1719,8,79,1,1
AFG,2011,2197,7563,8512,7419,2145,4,48,1,1
AFG,2012,2301,7783,8618,7610,2256,3,42,1,1
AFG,2013,1926,8131,10272,7690,1875,3,48,1,1
AFG,2014,2119,12549,15983,11753,2028,3,88,1,1
AFG,2015,2266,18018,21759,16922,2117,45,104,1,1
AFG,2016,2428,19025,26239,17593,2283,38,107,1,1
AFG,2017,2482,19784,21785,18902,2328,58,96,1,1
AFG,2018,3724,26895,31458,25152,3568,51,105,1,1
AFG,2019,4682,30435,35335,28505,4536,16,130,1,1
AFG,2020,3317,20834,22197,19287,3145,1,171,1,1
AFG,2021,4512,36386,41097,34262,4291,2,219,1,1
AFG,2022,416,1574,2853,977,272,0,144,1,1
AFG,2023,176,360,601,218,100,0,76,1,1
AFG,2024,179,353,608,258,111,0,68,1,1
AGO,1989,260,2873,6831,2873,242,0,18,1,1
AGO,1990,181,2609,4609,2608,165,0,16,1,1
AGO,1991,19,516,688,497,19,0,0,1,1
AGO,1992,38,2352,3714,2329,36,0,2,1,1
AGO,1993,220,12398,25504,12398,200,0,20,1,1
AGO,1994,320,4009,12507,3959,290,0,30,1,1
AGO,1995,76,238,1101,216,65,0,11,1,1
AGO,1996,28,32,341,9,26,0,2,1,1
AGO,1997,35,105,362,60,18,0,17,1,1
AGO,1998,110,1191,2487,1158,72,0,38,1,1
AGO,1999,245,2666,6943,2666,201,0,44,1,1
AGO,2000,130,1209,4361,613,78,0,52,1,1
AGO,2001,124,2158,3717,2158,67,0,57,1,1
AGO,2002,69,579,1073,550,47,0,22,1,1
AGO,2003,37,84,221,81,17,0,20,1,1
AGO,2004,19,38,113,21,14,0,5,1,1
AGO,2005,13,15,43,15,6,0,7,1,1
AGO,2006,12,3,71,3,10,0,2,1,1
AGO,2007,22,26,111,1,21,0,1,1,1
AGO,2008,9,4,29,4,9,0,0,1,1
AGO,2009,9,25,66,1,9,0,0,1,1
AGO,2010,4,10,30,10,3,0,1,1,1
AGO,2011,2,1,3,1,2,0,0,1,1
AGO,2013,1,2,2,2,1,0,0,1,1
AGO,2014,6,0,15,0,6,0,0,1,0
AGO,2015,2,1,9,1,2,0,0,1,1
AGO,2016,18,26,186,10,17,0,1,1,1
AGO,2017,24,26,112,17,23,0,1,1,1
AGO,2018,6,24,32,24,1,0,5,1,1
AGO,2019,11,26,54,11,9,0,2,1,1
AGO,2020,26,29,102,15,18,0,8,1,1
AGO,2021,4,13,28,13,0,0,4,1,1
AGO,2022,17,21,115,2,16,0,1,1,1
AGO,2023,1,0,5,0,1,0,0,1,0
AGO,2024,10,25,105,10,8,0,2,1,1
ALB,1999,10,26,29,26,10,0,0,1,1
ARE,2010,1,1,1,1,1,0,0,1,1
ARE,2022,1,3,3,3,1,0,0,1,1
ARG,1992,1,0,29,0,1,0,0,1,0
ARG,1994,1,86,86,86,0,0,1,1,1
ARM,1992,9,85,226,85,9,0,0,1,1
ARM,1993,7,37,66,37,7,0,0,1,1
ARM,1994,1,30,30,30,1,0,0,1,1
ARM,1995,5,7,7,7,5,0,0,1,1
ARM,2005,1,1,1,1,1,0,0,1,1
ARM,2006,2,2,2,2,2,0,0,1,1
ARM,2012,5,9,9,9,5,0,0,1,1
ARM,2013,1,1,1,1,1,0,0,1,1
ARM,2015,8,16,29,16,7,0,1,1,1
ARM,2016,1,4,7,4,1,0,0,1,1
ARM,2018,1,1,1,1,1,0,0,1,1
ARM,2019,2,2,2,2,2,0,0,1,1
ARM,2020,8,10,10,9,8,0,0,1,1
ARM,2021,8,10,10,10,8,0,0,1,1
ARM,2022,8,154,153,154,8,0,0,1,1
ARM,2023,10,20,20,20,10,0,0,1,1
AUS,2018,2,2,2,2,1,0,1,1,1
AUT,2020,1,4,4,4,0,0,1,1,1
AZE,1991,3,35,35,35,3,0,0,1,1
AZE,1992,182,2856,4785,2788,180,0,2,1,1
AZE,1993,72,1194,1823,991,72,0,0,1,1
AZE,1994,58,1489,3919,1239,58,0,0,1,1
AZE,1995,10,55,83,55,10,0,0,1,1
AZE,1996,3,5,11,3,3,0,0,1,1
AZE,1997,3,29,36,29,3,0,0,1,1
AZE,1998,4,34,38,34,4,0,0,1,1
AZE,1999,6,18,35,18,6,0,0,1,1
AZE,2000,7,13,16,13,7,0,0,1,1
AZE,2001,5,6,7,6,5,0,0,1,1
AZE,2004,3,8,8,8,3,0,0,1,1
AZE,2005,22,24,25,24,22,0,0,1,1
AZE,2006,8,5,8,5,8,0,0,1,1
AZE,2007,11,12,28,12,11,0,0,1,1
AZE,2008,7,30,43,30,7,0,0,1,1
AZE,2009,6,7,13,7,6,0,0,1,1
AZE,2010,14,20,28,20,14,0,0,1,1
AZE,2011,20,21,28,21,20,0,0,1,1
AZE,2012,12,16,18,16,12,0,0,1,1
AZE,2013,10,11,14,11,10,0,0,1,1
AZE,2014,33,46,54,45,33,0,0,1,1
AZE,2015,43,63,99,56,43,0,0,1,1
AZE,2016,31,137,256,137,31,0,0,1,1
AZE,2017,21,36,37,36,21,0,0,1,1
AZE,2018,17,16,20,15,17,0,0,1,1
AZE,2019,10,9,10,7,10,0,0,1,1
AZE,2020,141,7636,9066,7538,141,0,0,1,1
AZE,2021,18,30,33,30,18,0,0,1,1
AZE,2022,9,154,157,154,9,0,0,1,1
AZE,2023,11,442,442,442,11,0,0,1,1
BDI,1990,1,7,7,7,1,0,0,1,1
BDI,1991,21,342,1851,342,11,0,10,1,1
BDI,1992,3,61,61,61,3,0,0,1,1
BDI,1993,454,10218,32926,9699,2,232,220,1,1
BDI,1994,46,897,2985,657,13,13,20,1,1
BDI,1995,126,2828,4134,2491,53,7,66,1,1
BDI,1996,188,18184,21448,10328,64,4,120,1,1
BDI,1997,200,4395,5867,3778,89,5,106,1,1
BDI,1998,122,1797,2274,1596,57,0,65,1,1
BDI,1999,200,1852,2414,1420,81,2,117,1,1
BDI,2000,250,2442,3557,2194,155,1,94,1,1
BDI,2001,188,1634,3101,1584,118,0,70,1,1
BDI,2002,239,1990,2573,1631,169,0,70,1,1
BDI,2003,208,1283,1927,1251,101,14,93,1,1
BDI,2004,89,734,920,694,54,11,24,1,1
BDI,2005,120,485,567,485,54,1,65,1,1
BDI,2006,55,251,254,249,27,0,28,1,1
BDI,2007,25,79,82,73,3,6,16,1,1
BDI,2008,48,257,270,257,29,0,19,1,1
BDI,2009,3,0,17,0,0,0,3,1,0
BDI,2011,6,4,7,4,3,0,3,1,1
BDI,2012,7,14,15,14,1,0,6,1,1
BDI,2013,7,16,16,16,0,0,7,1,1
BDI,2014,9,61,91,61,9,0,0,1,1
BDI,2015,42,265,290,262,15,0,27,1,1
BDI,2016,75,93,111,70,4,0,71,1,1
BDI,2017,43,43,67,42,2,0,41,1,1
BDI,2018,60,116,123,97,3,0,57,1,1
BDI,2019,51,75,114,58,2,0,49,1,1
BDI,2020,78,145,220,117,14,0,64,1,1
BDI,2021,50,81,91,62,3,0,47,1,1
BDI,2022,42,48,54,48,1,0,41,1,1
BDI,2023,39,125,131,61,4,0,35,1,1
BDI,2024,49,70,81,64,1,0,48,1,1
BEL,2016,3,34,34,34,2,0,1,1,1
BEL,2018,2,4,4,4,1,0,1,1,1
BEL,2023,1,2,2,2,0,0,1,1,1
BEN,2019,1,1,1,1,0,0,1,1,1
BEN,2020,1,1,1,1,1,0,0,1,1
BEN,2021,6,11,12,11,6,0,0,1,1
BEN,2022,8,30,33,30,8,0,0,1,1
BEN,2023,20,46,59,46,15,0,5,1,1
BEN,2024,29,85,91,81,23,0,6,1,1
BFA,2016,2,26,31,26,0,0,2,1,1
BFA,2017,27,54,59,24,4,1,22,1,1
BFA,2018,65,195,243,165,30,3,32,1,1
BFA,2019,222,1246,1541,698,80,10,132,1,1
BFA,2020,166,1167,1312,849,88,12,66,1,1
BFA,2021,191,1458,1606,1303,130,7,54,1,1
BFA,2022,237,2704,3011,2428,180,9,48,1,1
BFA,2023,599,6122,7485,5810,426,6,167,1,1
BFA,2024,307,4251,5260,3691,223,6,78,1,1
BGD,1989,20,81,82,81,7,2,11,1,1
BGD,1990,27,94,109,94,13,2,12,1,1
BGD,1991,36,107,134,104,11,5,20,1,1
BGD,1992,29,225,389,224,9,3,17,1,1
BGD,1993,18,43,51,39,4,11,3,1,1
BGD,1994,6,32,35,32,2,3,1,1,1
BGD,1995,13,14,19,14,4,8,1,1,1
BGD,1996,23,46,57,46,5,15,3,1,1
BGD,1997,11,16,21,15,3,7,1,1,1
BGD,1998,11,21,22,16,0,10,1,1,1
BGD,1999,19,14,28,13,0,17,2,1,1
BGD,2000,8,105,206,105,1,6,1,1,1
BGD,2001,29,72,86,66,0,26,3,1,1
BGD,2002,5,7,8,6,3,2,0,1,1
BGD,2003,15,8,25,8,11,2,2,1,1
BGD,2004,38,75,111,73,26,2,10,1,1
BGD,2005,66,80,87,72,56,1,9,1,1
BGD,2006,74,96,103,92,55,17,2,1,1
BGD,2007,13,18,18,18,13,0,0,1,1
BGD,2008,11,13,14,13,10,0,1,1,1
BGD,2009,9,10,10,9,1,7,1,1,1
BGD,2010,8,5,11,4,1,6,1,1,1
BGD,2011,1,0,11,0,0,1,0,1,0
BGD,2012,2,2,5,1,0,2,0,1,1
BGD,2013,38,54,59,38,0,33,5,1,1
BGD,2014,2,2,2,2,0,2,0,1,1
BGD,2015,8,10,10,10,1,1,6,1,1
BGD,2016,25,73,73,73,12,0,13,1,1
BGD,2017,23,48,56,48,22,0,1,1,1
BGD,2018,20,28,29,27,1,16,3,1,1
BGD,2019,3,3,4,3,2,0,1,1,1
BGD,2020,5,5,5,5,3,0,2,1,1
BGD,2021,3,2,3,1,0,2,1,1,1
BGD,2022,9,13,14,13,3,0,6,1,1
BGD,2023,11,12,12,12,0,2,9,1,1
BGD,2024,54,374,406,157,1,40,13,1,1
BHR,2011,24,26,30,26,0,0,24,1,1
BIH,1992,3769,25171,27627,22206,3710,0,59,1,1
BIH,1993,2828,13787,16475,12967,2745,1,82,1,1
BIH,1994,1862,7312,8434,6725,1807,0,55,1,1
BIH,1995,881,17265,19789,16901,782,0,99,1,1
BOL,1998,1,2,2,2,0,1,0,1,1
BOL,2000,9,50,50,46,0,9,0,1,1
BOL,2021,1,1,1,1,0,1,0,1,1
BOL,2023,1,1,1,1,0,1,0,1,1
BRA,1993,5,43,43,43,0,2,3,1,1
BRA,1994,7,32,45,31,0,4,3,1,1
BRA,1995,8,51,65,42,0,4,4,1,1
BRA,1996,3,20,31,20,0,2,1,1,1
BRA,1997,14,41,41,41,0,11,3,1,1
BRA,1998,6,16,16,16,0,4,2,1,1
BRA,1999,31,86,86,86,0,13,18,1,1
BRA,2000,27,64,67,63,0,16,11,1,1
BRA,2001,14,81,81,81,0,10,4,1,1
BRA,2002,21,65,72,65,0,16,5,1,1
BRA,2003,12,51,51,51,0,7,5,1,1
BRA,2004,12,86,86,86,0,12,0,1,1
BRA,2005,18,60,80,60,0,10,8,1,1
BRA,2006,4,23,23,23,0,4,0,1,1
BRA,2007,9,40,40,40,0,7,2,1,1
BRA,2008,5,20,20,20,0,4,1,1,1
BRA,2009,3,40,45,40,0,3,0,1,1
BRA,2010,2,4,8,4,0,2,0,1,1
BRA,2011,4,34,34,34,0,4,0,1,1
BRA,2012,7,275,275,275,0,7,0,1,1
BRA,2013,10,28,28,28,0,9,1,1,1
BRA,2014,4,4,4,4,0,3,1,1,1
BRA,2015,17,83,83,83,0,16,1,1,1
BRA,2016,58,156,162,156,0,54,4,1,1
BRA,2017,316,3062,3071,3062,0,299,17,1,1
BRA,2018,357,2662,2681,2661,0,346,11,1,1
BRA,2019,636,1731,1735,1731,0,594,42,1,1
BRA,2020,744,2670,2670,2670,0,720,24,1,1
BRA,2021,843,2661,2671,2661,0,765,78,1,1
BRA,2022,1514,1703,1716,1703,0,1384,130,1,1
BRA,2023,2159,2481,2521,2478,0,1983,176,1,1
BRA,2024,1461,1635,1668,1571,0,1363,98,1,1
BTN,1997,1,4,4,4,1,0,0,1,1
BTN,2004,1,0,2,0,0,0,1,1,0
BWA,1990,1,1,1,1,0,0,1,1,1
CAF,1991,1,0,20,0,0,0,1,1,0
CAF,1992,1,3,3,3,0,0,1,1,1
CAF,1993,3,4,4,4,0,0,3,1,1
CAF,1999,1,5,5,5,0,0,1,1,1
CAF,2000,1,6,6,6,0,0,1,1,1
CAF,2001,21,216,351,216,7,0,14,1,1
CAF,2002,14,152,340,150,9,0,5,1,1
CAF,2003,5,19,56,14,1,0,4,1,1
CAF,2004,3,23,23,3,0,0,3,1,1
CAF,2005,6,8,8,8,0,0,6,1,1
CAF,2006,42,190,339,184,7,0,35,1,1
CAF,2007,23,143,172,143,4,1,18,1,1
CAF,2008,5,8,13,8,0,0,5,1,1
CAF,2009,61,244,294,244,19,0,42,1,1
CAF,2010,43,148,251,138,13,0,30,1,1
CAF,2011,23,195,230,195,8,5,10,1,1
CAF,2012,31,132,132,132,12,0,19,1,1
CAF,2013,186,3396,4120,2847,29,17,140,1,1
CAF,2014,461,3493,4072,3159,35,134,292,1,1
CAF,2015,150,745,772,745,7,36,107,1,1
CAF,2016,70,688,715,688,0,13,57,1,1
CAF,2017,222,1865,2190,1743,15,109,98,1,1
CAF,2018,88,640,676,629,18,21,49,1,1
CAF,2019,64,501,604,498,10,17,37,1,1
CAF,2020,56,299,350,299,16,18,22,1,1
CAF,2021,167,1080,1142,914,119,0,48,1,1
CAF,2022,105,773,899,773,77,0,28,1,1
CAF,2023,86,423,452,415,59,9,18,1,1
CAF,2024,92,485,788,441,48,9,35,1,1
CAN,1994,3,3,3,3,0,3,0,1,1
CAN,1995,9,24,24,24,0,9,0,1,1
CAN,1996,1,2,2,2,0,1,0,1,1
CAN,1997,1,2,2,2,0,1,0,1,1
CAN,1998,9,27,27,27,0,9,0,1,1
CAN,1999,3,11,11,11,0,3,0,1,1
CAN,2000,8,23,23,23,0,8,0,1,1
CAN,2001,1,1,1,1,0,1,0,1,1
CHN,1989,3,2600,3138,931,0,0,3,1,1
CHN,1990,3,22,50,22,3,0,0,1,1
CHN,1997,2,4,4,4,0,0,2,1,1
CHN,1999,3,0,4,0,3,0,0,1,0
CHN,2005,2,12,23,12,0,0,2,1,1
CHN,2007,1,0,19,0,1,0,0,1,0
CHN,2008,16,87,190,87,5,0,11,1,1
CHN,2009,5,189,687,189,2,3,0,1,1
CHN,2015,1,5,5,5,1,0,0,1,1
CHN,2017,2,6,6,6,2,0,0,1,1
CHN,2023,1,1,1,1,1,0,0,1,1
CIV,1990,2,9,9,8,1,0,1,1,1
CIV,1991,1,0,3,0,0,0,1,1,0
CIV,1993,1,1,1,1,0,0,1,1,1
CIV,1994,1,4,4,4,0,0,1,1,1
CIV,1995,2,37,205,37,0,1,1,1,1
CIV,1996,4,35,40,35,0,1,3,1,1
CIV,1998,1,0,1,0,0,0,1,1,0
CIV,1999,2,0,2,0,0,0,2,1,0
CIV,2000,6,132,152,132,0,2,4,1,1
CIV,2001,2,2,2,2,0,2,0,1,1
CIV,2002,48,1063,1114,932,27,5,16,1,1
CIV,2003,40,493,936,493,19,6,15,1,1
CIV,2004,28,304,380,300,5,8,15,1,1
CIV,2005,21,153,259,146,0,14,7,1,1
CIV,2006,7,11,15,11,0,3,4,1,1
CIV,2007,3,3,3,3,0,0,3,1,1
CIV,2008,4,4,4,4,0,0,4,1,1
CIV,2009,1,1,1,1,0,0,1,1,1
CIV,2010,21,80,179,76,2,2,17,1,1
CIV,2011,158,1256,1503,1151,13,4,141,1,1
CIV,2012,5,21,21,20,0,1,4,1,1
CIV,2013,2,4,6,4,0,0,2,1,1
CIV,2016,2,49,49,49,0,1,1,1,1
CIV,2020,1,3,3,3,0,0,1,1,1
CMR,1990,1,6,6,6,0,0,1,1,1
CMR,1991,1,50,100,9,0,1,0,1,1
CMR,1992,3,25,116,25,0,2,1,1,1
CMR,1993,5,47,72,32,0,3,2,1,1
CMR,1994,7,102,155,98,3,3,1,1,1
CMR,1996,3,56,57,56,3,0,0,1,1
CMR,1998,4,52,68,52,2,2,0,1,1
CMR,2000,4,2,500,2,0,0,4,1,1
CMR,2001,2,0,12,0,0,0,2,1,0
CMR,2004,1,0,1,0,0,0,1,1,0
CMR,2005,3,0,4,0,1,0,2,1,0
CMR,2008,1,0,26,0,0,0,1,1,0
CMR,2009,1,0,17,0,0,0,1,1,0
CMR,2013,1,1,1,1,0,0,1,1,1
CMR,2014,51,1047,1111,1047,39,0,12,1,1
CMR,2015,62,1263,1662,1263,27,0,35,1,1
CMR,2016,97,491,517,491,34,1,62,1,1
CMR,2017,138,410,499,410,51,18,69,1,1
CMR,2018,253,1013,1323,1009,160,1,92,1,1
CMR,2019,248,868,1035,854,171,4,73,1,1
CMR,2020,261,792,944,749,131,2,128,1,1
CMR,2021,278,827,1068,788,185,5,88,1,1
CMR,2022,225,667,789,557,132,1,92,1,1
CMR,2023,294,638,754,573,141,12,141,1,1
CMR,2024,193,421,439,387,108,8,77,1,1
COD,1989,3,28,28,28,0,0,3,1,1
COD,1990,4,147,147,20,0,0,4,1,1
COD,1991,7,32,162,32,0,0,7,1,1
COD,1992,11,67,94,50,0,0,11,1,1
COD,1993,20,3337,7028,569,0,6,14,1,1
COD,1994,16,332,4428,331,2,1,13,1,1
COD,1995,16,526,593,517,0,7,9,1,1
COD,1996,209,34307,48868,32046,18,12,179,1,1
COD,1997,137,13897,42414,13478,33,7,97,1,1
COD,1998,118,7717,16672,6924,60,7,51,1,1
COD,1999,168,7849,13611,7243,50,23,95,1,1
COD,2000,115,3055,4859,2891,45,23,47,1,1
COD,2001,66,1490,2322,1409,16,20,30,1,1
COD,2002,136,7945,11350,7614,9,57,70,1,1
COD,2003,82,4324,6020,3753,0,28,54,1,1
COD,2004,31,782,1069,577,0,2,29,1,1
COD,2005,25,305,339,283,1,0,24,1,1
COD,2006,80,390,588,262,9,2,69,1,1
COD,2007,112,879,927,857,22,3,87,1,1
COD,2008,105,1740,2150,1740,30,7,68,1,1
COD,2009,551,5308,6132,5096,103,2,446,1,1
COD,2010,87,1088,1144,1064,35,0,52,1,1
COD,2011,165,552,601,535,65,11,89,1,1
COD,2012,156,1838,2691,1758,59,15,82,1,1
COD,2013,161,2197,2813,2159,73,15,73,1,1
COD,2014,128,1624,1963,1548,50,7,71,1,1
COD,2015,124,737,904,653,43,2,79,1,1
COD,2016,211,2194,3906,1470,77,26,108,1,1
COD,2017,503,5975,8185,5684,224,67,212,1,1
COD,2018,462,3147,3238,2676,138,151,173,1,1
COD,2019,441,2529,2949,2304,129,77,235,1,1
COD,2020,832,4008,4407,3732,238,118,476,1,1
COD,2021,809,3723,3964,3534,263,57,489,1,1
COD,2022,1199,5967,6641,5756,253,144,802,1,1
COD,2023,828,3936,5753,3667,149,79,600,1,1
COD,2024,783,5409,7916,4669,217,69,497,1,1
COG,1992,1,2,8,2,0,0,1,1,1
COG,1993,10,135,135,135,4,0,6,1,1
COG,1994,8,18,23,18,6,0,2,1,1
COG,1995,1,2,2,2,1,0,0,1,1
COG,1996,2,1,4,1,0,0,2,1,1
COG,1997,57,10412,21212,10412,27,0,30,1,1
COG,1998,54,3763,5132,3763,20,0,34,1,1
COG,1999,48,948,1848,948,35,0,13,1,1
COG,2001,1,3,3,3,1,0,0,1,1
COG,2002,24,234,260,234,15,0,9,1,1
COG,2003,6,33,33,33,4,0,2,1,1
COG,2005,5,15,51,15,3,0,2,1,1
COG,2007,1,2,15,2,1,0,0,1,1
COG,2008,1,1,1,1,1,0,0,1,1
COG,2011,1,1,1,1,1,0,0,1,1
COG,2012,2,2,2,2,2,0,0,1,1
COG,2015,1,0,1,0,1,0,0,1,0
COG,2016,8,73,73,73,8,0,0,1,1
COG,2017,3,20,35,19,3,0,0,1,1
COG,2019,2,0,2,0,1,0,1,1,0
COG,2020,1,0,5,0,1,0,0,1,0
COG,2022,2,3,10,3,2,0,0,1,1
COL,1989,53,384,1108,383,37,0,16,1,1
COL,1990,100,712,802,700,70,5,25,1,1
COL,1991,128,872,905,869,96,0,32,1,1
COL,1992,103,1500,1532,1500,90,0,13,1,1
COL,1993,47,302,331,302,32,4,11,1,1
COL,1994,70,1211,1617,1211,59,0,11,1,1
COL,1995,77,943,954,929,58,0,19,1,1
COL,1996,150,1401,1453,1383,109,0,41,1,1
COL,1997,181,891,1111,889,124,7,50,1,1
COL,1998,145,1646,2344,1645,83,13,49,1,1
COL,1999,394,2638,3066,2612,161,15,218,1,1
COL,2000,1334,4388,5233,4352,531,53,750,1,1
COL,2001,1365,4611,5204,4578,547,66,752,1,1
COL,2002,1908,6012,7139,5786,920,84,904,1,1
COL,2003,2264,4678,4820,4629,813,37,1414,1,1
COL,2004,1745,3380,3569,3342,646,29,1070,1,1
COL,2005,1291,2888,2963,2835,551,18,722,1,1
COL,2006,364,945,972,945,105,1,258,1,1
COL,2007,319,683,705,681,87,0,232,1,1
COL,2008,336,643,653,581,70,0,266,1,1
COL,2009,137,501,564,471,75,0,62,1,1
COL,2010,88,442,448,442,81,0,7,1,1
COL,2011,60,227,233,227,50,0,10,1,1
COL,2012,37,227,326,227,31,0,6,1,1
COL,2013,22,140,183,140,22,0,0,1,1
COL,2014,48,157,158,157,40,0,8,1,1
COL,2015,33,144,151,144,28,0,5,1,1
COL,2016,101,85,140,85,15,0,86,1,1
COL,2017,155,107,211,107,14,1,140,1,1
COL,2018,170,253,294,253,49,1,120,1,1
COL,2019,109,219,226,219,52,5,52,1,1
COL,2020,144,196,268,208,23,3,118,1,1
COL,2021,160,291,336,290,42,7,111,1,1
COL,2022,172,360,387,360,38,29,105,1,1
COL,2023,413,534,646,514,36,88,289,1,1
COL,2024,397,664,788,554,99,103,195,1,1
COM,1989,2,29,30,29,2,0,0,1,1
COM,1997,2,56,78,56,2,0,0,1,1
COM,1998,3,40,60,40,0,3,0,1,1
DEU,1989,2,3,3,3,2,0,0,1,1
DEU,1990,1,1,1,1,1,0,0,1,1
DEU,1992,1,4,4,4,1,0,0,1,1
DEU,2016,1,12,12,12,0,0,1,1,1
DEU,2024,1,3,3,3,0,0,1,1,1
DJI,1989,1,6,59,6,1,0,0,1,1
DJI,1990,1,60,60,60,1,0,0,1,1
DJI,1991,9,134,465,134,7,1,1,1,1
DJI,1992,11,129,767,44,10,0,1,1,1
DJI,1993,12,33,419,33,8,0,4,1,1
DJI,1994,5,39,53,39,3,0,2,1,1
DJI,1995,4,18,66,18,1,2,1,1,1
DJI,1996,2,0,2,0,0,0,2,1,0
DJI,1997,1,11,12,11,1,0,0,1,1
DJI,1998,2,16,19,16,2,0,0,1,1
DJI,1999,8,25,57,25,8,0,0,1,1
DJI,2008,2,35,44,35,2,0,0,1,1
DJI,2014,1,1,1,1,0,0,1,1,1
DJI,2018,1,6,6,0,0,1,0,1,1
DJI,2021,1,3,3,3,0,1,0,1,1
DZA,1990,1,1,1,1,1,0,0,1,1
DZA,1991,4,34,34,34,4,0,0,1,1
DZA,1992,120,274,353,274,120,0,0,1,1
DZA,1993,269,826,886,826,265,0,4,1,1
DZA,1994,350,1943,2176,1943,341,2,7,1,1
DZA,1995,394,3059,6155,3035,391,3,0,1,1
DZA,1996,123,1091,1514,1085,122,0,1,1,1
DZA,1997,128,2008,3428,1813,117,1,10,1,1
DZA,1998,383,3284,4440,3284,359,7,17,1,1
DZA,1999,226,1168,1250,1168,205,2,19,1,1
DZA,2000,252,1193,1275,1193,216,0,36,1,1
DZA,2001,80,674,898,674,74,0,6,1,1
DZA,2002,225,1058,1076,1056,137,0,88,1,1
DZA,2003,209,714,731,714,198,0,11,1,1
DZA,2004,219,500,524,500,181,0,38,1,1
DZA,2005,72,232,265,231,68,0,4,1,1
DZA,2006,91,292,325,292,79,0,12,1,1
DZA,2007,128,495,541,494,124,0,4,1,1
DZA,2008,111,345,416,345,108,0,3,1,1
DZA,2009,191,541,714,527,174,0,17,1,1
DZA,2010,92,252,293,252,84,0,8,1,1
DZA,2011,125,276,287,268,114,0,11,1,1
DZA,2012,124,264,320,258,114,0,10,1,1
DZA,2013,73,222,240,222,65,5,3,1,1
DZA,2014,43,111,151,86,43,0,0,1,1
DZA,2015,46,110,117,107,46,0,0,1,1
DZA,2016,27,89,94,85,27,0,0,1,1
DZA,2017,26,77,91,77,26,0,0,1,1
DZA,2018,10,35,39,35,9,0,1,1,1
DZA,2019,9,15,15,15,8,0,1,1,1
DZA,2020,17,28,28,28,17,0,0,1,1
DZA,2021,6,18,18,18,6,0,0,1,1
DZA,2022,3,14,14,14,3,0,0,1,1
DZA,2023,1,1,1,1,1,0,0,1,1
DZA,2024,1,3,3,3,1,0,0,1,1
ECU,1995,4,11,41,11,4,0,0,1,1
ECU,2001,1,2,2,2,0,1,0,1,1
ECU,2003,1,26,31,15,0,1,0,1,1
ECU,2005,1,3,3,3,0,0,1,1,1
ECU,2006,1,2,2,2,0,0,1,1,1
ECU,2007,1,2,2,2,0,0,1,1,1
ECU,2008,3,53,53,53,2,0,1,1,1
ECU,2019,1,2,2,2,1,0,0,1,1
ECU,2020,1,11,11,11,0,1,0,1,1
ECU,2021,8,291,291,291,0,8,0,1,1
ECU,2022,11,118,126,118,0,10,1,1,1
ECU,2023,454,540,762,266,0,454,0,1,1
ECU,2024,238,328,432,171,0,238,0,1,1
EGY,1990,2,4,4,4,0,0,2,1,1
EGY,1992,5,13,13,13,3,0,2,1,1
EGY,1993,43,108,124,108,38,0,5,1,1
EGY,1994,76,162,196,162,58,0,18,1,1
EGY,1995,118,233,262,233,76,1,41,1,1
EGY,1996,75,149,167,149,46,0,29,1,1
EGY,1997,34,143,162,143,24,0,10,1,1
EGY,1998,10,29,31,29,9,0,1,1,1
EGY,1999,2,4,5,4,2,0,0,1,1
EGY,2000,4,5,18,5,3,1,0,1,1
EGY,2004,3,35,35,35,0,1,2,1,1
EGY,2005,4,124,124,124,0,0,4,1,1
EGY,2006,2,2,2,2,0,2,0,1,1
EGY,2008,2,2,2,2,0,2,0,1,1
EGY,2009,2,1,3,1,0,2,0,1,1
EGY,2010,1,1,1,1,1,0,0,1,1
EGY,2011,4,31,31,31,0,4,0,1,1
EGY,2012,2,75,75,75,0,2,0,1,1
EGY,2013,46,135,139,135,0,45,1,1,1
EGY,2014,45,249,249,249,31,14,0,1,1
EGY,2015,60,991,1171,977,59,0,1,1,1
EGY,2016,40,404,410,404,34,1,5,1,1
EGY,2017,111,902,1082,787,93,0,18,1,1
EGY,2018,86,692,695,542,81,0,5,1,1
EGY,2019,120,664,682,286,113,0,7,1,1
EGY,2020,124,547,558,226,112,0,12,1,1
EGY,2021,64,124,216,111,57,0,7,1,1
EGY,2022,68,236,237,218,65,0,3,1,1
EGY,2023,4,6,6,6,1,0,3,1,1
ERI,1993,1,21,21,21,1,0,0,1,1
ERI,1996,2,14,14,14,2,0,0,1,1
ERI,1997,9,31,117,31,9,0,0,1,1
ERI,1998,3,792,10,10,3,0,0,1,1
ERI,1999,13,17203,17417,17203,13,0,0,1,1
ERI,2000,10,1793,1988,1793,6,0,4,1,1
ERI,2003,9,57,57,57,9,0,0,1,1
ERI,2008,1,0,14,0,0,0,1,1,0
ERI,2016,1,25,200,25,1,0,0,1,1
ERI,2022,4,4,503,0,4,0,0,1,1
ESP,1989,12,17,17,17,12,0,0,1,1
ESP,1990,10,19,19,19,10,0,0,1,1
ESP,1991,23,45,45,45,23,0,0,1,1
ESP,1992,15,23,23,23,15,0,0,1,1
ESP,1993,6,12,12,12,6,0,0,1,1
ESP,1994,9,11,11,11,9,0,0,1,1
ESP,1995,10,13,16,12,10,0,0,1,1
ESP,1996,4,4,4,4,4,0,0,1,1
ESP,1997,11,12,12,12,11,0,0,1,1
ESP,1998,6,7,7,7,6,0,0,1,1
ESP,2000,15,20,20,20,15,0,0,1,1
ESP,2001,12,13,13,13,12,0,0,1,1
ESP,2002,4,5,5,5,4,0,0,1,1
ESP,2003,2,3,3,3,2,0,0,1,1
ESP,2004,1,191,191,191,0,0,1,1,1
ESP,2008,2,2,2,2,2,0,0,1,1
ESP,2009,2,3,3,3,2,0,0,1,1
ESP,2017,3,16,16,16,0,0,3,1,1
ESP,2023,1,2,2,2,0,1,0,1,1
ETH,1989,72,25385,25927,25385,59,1,12,1,1
ETH,1990,110,49856,52819,49856,101,0,9,1,1
ETH,1991,44,12440,14156,12437,28,8,8,1,1
ETH,1992,16,1026,1386,1026,7,9,0,1,1
ETH,1993,13,133,136,133,5,7,1,1,1
ETH,1994,5,76,93,76,5,0,0,1,1
ETH,1995,9,1043,1429,1019,8,1,0,1,1
ETH,1996,5,65,196,65,4,1,0,1,1
ETH,1997,4,12,12,12,2,2,0,1,1
ETH,1998,21,1027,2854,448,16,3,2,1,1
ETH,1999,42,30786,33620,30475,38,3,1,1,1
ETH,2000,77,48666,50100,48641,46,24,7,1,1
ETH,2001,52,388,1372,373,32,19,1,1,1
ETH,2002,124,809,3058,809,89,26,9,1,1
ETH,2003,69,1093,1449,1093,40,17,12,1,1
ETH,2004,126,475,2272,450,84,15,27,1,1
ETH,2005,90,290,1023,264,55,17,18,1,1
ETH,2006,102,430,1450,380,76,15,11,1,1
ETH,2007,145,500,1509,475,90,14,41,1,1
ETH,2008,83,311,852,311,55,27,1,1,1
ETH,2009,87,590,1167,590,69,18,0,1,1
ETH,2010,98,152,2036,149,96,1,1,1,1
ETH,2011,92,66,569,41,90,2,0,1,1
ETH,2012,90,391,1150,385,76,4,10,1,1
ETH,2013,54,88,1017,80,53,0,1,1,1
ETH,2014,27,139,380,139,20,1,6,1,1
ETH,2015,97,307,505,282,41,0,56,1,1
ETH,2016,148,529,929,484,46,5,97,1,1
ETH,2017,41,488,546,470,1,21,19,1,1
ETH,2018,63,713,922,627,4,27,32,1,1
ETH,2019,63,425,639,424,15,27,21,1,1
ETH,2020,263,24429,26794,24028,73,40,150,1,1
ETH,2021,730,129516,134497,128300,449,4,277,1,1
ETH,2022,879,165025,173192,164719,699,4,176,1,1
ETH,2023,579,2346,7858,2281,332,25,222,1,1
ETH,2024,866,4072,11842,3568,481,17,368,1,1
FRA,1992,1,0,1,0,1,0,0,1,0
FRA,1995,1,8,8,8,0,0,1,1,1
FRA,1996,1,0,2,0,1,0,0,1,0
FRA,2007,1,2,2,2,1,0,0,1,1
FRA,2012,1,4,4,4,0,0,1,1,1
FRA,2015,2,133,133,133,1,0,1,1,1
FRA,2016,2,87,87,87,0,0,2,1,1
FRA,2017,1,2,2,2,1,0,0,1,1
FRA,2018,8,13,14,12,4,0,4,1,1
FRA,2023,42,48,48,48,0,41,1,1,1
FRA,2024,3,3,3,3,0,3,0,1,1
GBR,1989,27,41,42,41,21,0,6,1,1
GBR,1990,32,47,49,47,26,0,6,1,1
GBR,1991,32,38,39,38,20,0,12,1,1
GBR,1992,30,39,39,39,14,0,16,1,1
GBR,1993,34,47,47,47,14,0,20,1,1
GBR,1994,16,16,16,16,6,0,10,1,1
GBR,1996,2,2,2,2,2,0,0,1,1
GBR,1997,4,5,5,5,2,0,2,1,1
GBR,1998,3,31,31,31,1,0,2,1,1
GBR,2000,1,1,1,1,0,0,1,1,1
GBR,2001,1,1,1,1,0,0,1,1,1
GBR,2002,4,3,4,3,0,0,4,1,1
GBR,2003,2,1,2,1,0,0,2,1,1
GBR,2004,1,1,1,1,0,0,1,1,1
GBR,2005,2,53,53,53,0,0,2,1,1
GBR,2006,1,0,1,0,0,0,1,1,0
GBR,2009,2,2,3,2,1,0,1,1,1
GBR,2011,1,1,1,1,1,0,0,1,1
GBR,2019,3,4,4,4,2,0,1,1,1
GEO,1991,6,52,170,52,6,0,0,1,1
GEO,1992,96,775,1412,775,96,0,0,1,1
GEO,1993,113,1837,2835,1837,108,0,5,1,1
GEO,1995,3,52,58,52,0,0,3,1,1
GEO,1997,5,26,36,26,0,5,0,1,1
GEO,1998,3,38,38,38,0,3,0,1,1
GEO,2002,2,0,17,0,2,0,0,1,0
GEO,2004,13,27,73,27,13,0,0,1,1
GEO,2008,12,621,859,621,12,0,0,1,1
GEO,2010,4,3,7,3,4,0,0,1,1
GEO,2011,1,0,3,0,1,0,0,1,0
GEO,2023,1,1,1,1,0,0,1,1,1
GHA,1991,2,30,52,30,0,2,0,1,1
GHA,1992,2,63,80,63,0,2,0,1,1
GHA,1993,1,2,2,2,0,1,0,1,1
GHA,1994,9,2004,10024,1004,0,9,0,1,1
GHA,1995,8,155,172,155,0,8,0,1,1
GHA,2000,1,30,68,7,0,1,0,1,1
GHA,2001,1,50,50,50,0,1,0,1,1
GHA,2002,1,36,40,25,0,1,0,1,1
GHA,2008,10,55,57,54,0,10,0,1,1
GHA,2009,2,8,13,8,0,2,0,1,1
GHA,2010,1,1,1,0,0,1,0,1,1
GHA,2022,5,16,19,16,0,5,0,1,1
GHA,2023,9,15,24,9,0,9,0,1,1
GHA,2024,3,7,13,7,0,3,0,1,1
GIN,1994,1,0,30,0,0,0,1,1,0
GIN,1996,1,27,27,27,0,0,1,1,1
GIN,1998,3,12,12,12,0,0,3,1,1
GIN,1999,2,13,13,13,0,0,2,1,1
GIN,2000,26,256,564,221,20,1,5,1,1
GIN,2001,4,430,730,430,4,0,0,1,1
GIN,2005,1,3,3,0,0,0,1,1,1
GIN,2006,6,15,39,15,0,0,6,1,1
GIN,2007,21,45,56,42,0,0,21,1,1
GIN,2009,3,160,160,159,0,0,3,1,1
GIN,2010,1,1,1,1,0,0,1,1,1
GIN,2011,1,25,36,25,0,1,0,1,1
GIN,2012,4,9,9,9,0,0,4,1,1
GIN,2013,3,98,98,98,0,3,0,1,1
GIN,2015,1,3,3,3,0,0,1,1,1
GIN,2019,1,1,1,1,0,0,1,1,1
GIN,2020,3,49,49,49,0,3,0,1,1
GIN,2021,1,1,1,1,0,1,0,1,1
GMB,1996,1,0,3,0,0,0,1,1,0
GMB,2004,1,1,1,1,0,0,1,1,1
GMB,2005,2,8,9,8,0,0,2,1,1
GMB,2012,1,1,9,1,0,0,1,1,1
GMB,2024,1,1,1,1,0,0,1,1,1
GNB,1992,1,2,2,2,1,0,0,1,1
GNB,1998,16,505,702,501,16,0,0,1,1
GNB,1999,3,199,225,154,3,0,0,1,1
GNB,2000,2,0,5,0,2,0,0,1,0
GTM,1989,78,491,709,128,49,0,29,1,1
GTM,1990,110,681,712,158,57,0,53,1,1
GTM,1991,74,426,439,118,46,0,28,1,1
GTM,1992,64,393,421,120,43,0,21,1,1
GTM,1993,51,218,379,86,36,0,15,1,1
GTM,1994,38,287,289,61,18,0,20,1,1
GTM,1995,27,122,122,42,17,0,10,1,1
GTM,1996,11,20,21,20,5,0,6,1,1
GTM,1997,1,2,2,2,0,0,1,1,1
GTM,1998,1,1,1,1,0,0,1,1,1
GTM,2000,1,0,2,0,0,0,1,1,0
GTM,2001,1,5,5,5,0,1,0,1,1
GTM,2002,2,2,3,2,0,0,2,1,1
GTM,2004,2,1,35,1,0,0,2,1,1
GTM,2005,5,58,58,58,0,4,1,1,1
GTM,2007,2,6,6,6,0,0,2,1,1
GTM,2008,5,41,42,41,0,5,0,1,1
GTM,2009,1,1,1,1,0,1,0,1,1
GTM,2011,4,36,38,36,0,0,4,1,1
GTM,2015,4,24,24,7,0,4,0,1,1
GTM,2016,1,2,2,2,0,0,1,1,1
GTM,2021,1,1,1,1,0,0,1,1,1
GTM,2022,3,13,13,13,0,2,1,1,1
GTM,2023,2,10,10,4,0,1,1,1,1
GTM,2024,17,29,29,29,0,2,15,1,1
GUY,2008,3,29,30,29,0,0,3,1,1
HND,1999,1,9,9,9,0,1,0,1,1
HND,2000,1,6,6,6,0,1,0,1,1
HND,2002,1,1,1,1,0,1,0,1,1
HND,2003,7,40,40,40,0,4,3,1,1
HND,2004,4,30,33,30,0,2,2,1,1
HND,2010,5,44,50,44,0,5,0,1,1
HND,2012,4,18,18,18,0,4,0,1,1
HND,2013,2,6,6,6,0,2,0,1,1
HND,2014,3,21,21,21,0,3,0,1,1
HND,2015,13,71,71,3,0,12,1,1,1
HND,2016,2,10,10,10,0,2,0,1,1
HND,2018,2,2,2,1,0,1,1,1,1
HND,2019,3,40,40,40,0,2,1,1,1
HND,2020,1,1,1,1,0,1,0,1,1
HND,2021,4,10,10,7,0,1,3,1,1
HND,2022,3,6,6,4,0,1,2,1,1
HND,2023,27,105,108,50,0,26,1,1,1
HND,2024,13,5,20,2,0,11,2,1,1
HRV,1992,33,142,156,142,33,0,0,1,1
HRV,1993,55,373,507,373,51,0,4,1,1
HRV,1995,69,963,2365,477,60,0,9,1,1
HTI,1989,4,48,57,21,4,0,0,1,1
HTI,1990,2,2,3,2,0,0,2,1,1
HTI,1991,8,270,705,162,1,1,6,1,1
HTI,1993,3,37,137,37,0,0,3,1,1
HTI,1994,4,44,463,44,0,0,4,1,1
HTI,1995,1,1,1,1,0,0,1,1,1
HTI,1999,2,11,12,11,0,0,2,1,1
HTI,2004,22,231,547,154,19,0,3,1,1
HTI,2005,7,40,74,40,0,0,7,1,1
HTI,2017,1,8,8,8,0,0,1,1,1
HTI,2018,1,71,71,71,0,0,1,1,1
HTI,2019,1,1,1,1,0,0,1,1,1
HTI,2020,48,166,166,166,0,0,48,1,1
HTI,2021,25,140,155,140,0,8,17,1,1
HTI,2022,65,236,237,236,0,9,56,1,1
HTI,2023,49,454,461,449,0,3,46,1,1
HTI,2024,116,1294,1332,1225,47,4,65,1,1
IDN,1989,5,7,7,7,5,0,0,1,1
IDN,1990,46,200,255,149,29,0,17,1,1
IDN,1991,38,429,651,244,19,0,19,1,1
IDN,1992,14,53,53,53,10,0,4,1,1
IDN,1993,8,27,27,27,4,0,4,1,1
IDN,1994,9,12,21,8,4,0,5,1,1
IDN,1995,21,63,81,63,10,0,11,1,1
IDN,1996,18,36,65,36,8,0,10,1,1
IDN,1997,37,441,486,441,14,13,10,1,1
IDN,1998,30,141,234,78,12,0,18,1,1
IDN,1999,338,2421,3480,1899,74,60,204,1,1
IDN,2000,157,917,976,848,108,32,17,1,1
IDN,2001,107,884,1138,843,48,31,28,1,1
IDN,2002,265,762,893,694,207,11,47,1,1
IDN,2003,227,1069,1829,1037,191,0,36,1,1
IDN,2004,359,1082,1238,1069,288,12,59,1,1
IDN,2005,33,242,246,242,26,0,7,1,1
IDN,2006,3,13,13,13,2,0,1,1,1
IDN,2007,1,2,2,2,0,0,1,1,1
IDN,2008,3,6,6,5,2,0,1,1,1
IDN,2011,4,9,9,9,0,3,1,1,1
IDN,2012,1,1,1,1,0,0,1,1,1
IDN,2013,6,20,20,20,6,0,0,1,1
IDN,2014,4,12,12,12,4,0,0,1,1
IDN,2015,3,4,6,4,0,0,3,1,1
IDN,2017,3,2,6,2,2,0,1,1,1
IDN,2018,11,37,54,34,7,0,4,1,1
IDN,2019,22,41,49,28,18,0,4,1,1
IDN,2020,24,35,42,23,17,0,7,1,1
IDN,2021,42,68,76,41,32,0,10,1,1
IDN,2022,33,64,65,53,20,0,13,1,1
IDN,2023,39,94,110,74,26,0,13,1,1
IDN,2024,61,77,87,59,41,0,20,1,1
IND,1989,119,1852,3127,1838,53,11,55,1,1
IND,1990,333,4801,5647,4744,124,67,142,1,1
IND,1991,221,3724,4362,3724,126,11,84,1,1
IND,1992,240,4163,5154,4141,149,16,75,1,1
IND,1993,331,2326,4364,2297,229,14,88,1,1
IND,1994,244,1435,1760,1425,223,8,13,1,1
IND,1995,226,1079,1398,1067,189,10,27,1,1
IND,1996,177,1333,2152,1331,126,10,41,1,1
IND,1997,277,1448,1782,1422,195,15,67,1,1
IND,1998,386,1623,1957,1594,245,25,116,1,1
IND,1999,544,2563,3404,2475,375,5,164,1,1
IND,2000,1534,4103,4244,3992,1216,27,291,1,1
IND,2001,555,1931,5198,1807,278,8,269,1,1
IND,2002,1083,3031,3310,2988,835,26,222,1,1
IND,2003,919,2442,2748,2364,671,28,220,1,1
IND,2004,997,2527,2567,1988,725,4,268,1,1
IND,2005,910,2015,2225,1972,646,13,251,1,1
IND,2006,932,2155,2347,2084,651,54,227,1,1
IND,2007,727,1775,1899,1663,494,45,188,1,1
IND,2008,680,1863,1999,1766,460,46,174,1,1
IND,2009,843,1621,1896,1523,551,29,263,1,1
IND,2010,780,1633,1878,1545,469,3,308,1,1
IND,2011,408,798,861,798,229,3,176,1,1
IND,2012,428,801,850,771,240,69,119,1,1
IND,2013,346,702,747,639,208,28,110,1,1
IND,2014,400,734,920,545,275,2,123,1,1
IND,2015,321,622,732,554,242,0,79,1,1
IND,2016,419,762,877,738,325,0,94,1,1
IND,2017,400,847,861,846,290,7,103,1,1
IND,2018,480,952,1023,942,367,2,111,1,1
IND,2019,354,734,762,721,248,0,106,1,1
IND,2020,389,754,784,752,268,41,80,1,1
IND,2021,277,521,539,510,223,0,54,1,1
IND,2022,266,393,395,390,195,6,65,1,1
IND,2023,217,406,487,388,130,31,56,1,1
IND,2024,234,552,595,537,158,17,59,1,1
IRN,1990,14,31,335,31,14,0,0,1,1
IRN,1991,3,44,51,44,3,0,0,1,1
IRN,1992,2,4,4,4,2,0,0,1,1
IRN,1993,17,153,225,153,17,0,0,1,1
IRN,1994,2,16,16,16,2,0,0,1,1
IRN,1995,3,17,28,17,3,0,0,1,1
IRN,1996,4,34,46,34,4,0,0,1,1
IRN,1997,13,37,40,37,13,0,0,1,1
IRN,1998,5,13,17,13,5,0,0,1,1
IRN,1999,6,19,19,19,6,0,0,1,1
IRN,2000,21,41,83,41,18,0,3,1,1
IRN,2001,14,112,133,112,14,0,0,1,1
IRN,2003,1,2,2,2,1,0,0,1,1
IRN,2005,15,54,63,54,8,0,7,1,1
IRN,2006,21,61,127,56,20,0,1,1,1
IRN,2007,21,86,189,61,21,0,0,1,1
IRN,2008,20,118,255,118,19,0,1,1,1
IRN,2009,32,208,229,177,13,0,19,1,1
IRN,2010,12,101,104,101,11,0,1,1,1
IRN,2011,14,220,224,213,14,0,0,1,1
IRN,2012,5,17,17,17,5,0,0,1,1
IRN,2013,4,11,19,11,4,0,0,1,1
IRN,2014,2,5,5,5,2,0,0,1,1
IRN,2015,8,25,67,24,8,0,0,1,1
IRN,2016,25,69,208,69,25,0,0,1,1
IRN,2017,12,58,82,58,12,0,0,1,1
IRN,2018,18,92,142,81,17,0,1,1,1
IRN,2019,89,313,457,176,14,0,75,1,1
IRN,2020,26,246,280,211,19,0,7,1,1
IRN,2021,34,82,94,40,16,0,18,1,1
IRN,2022,158,251,383,243,3,0,155,1,1
IRN,2023,13,43,43,43,10,0,3,1,1
IRN,2024,33,222,225,222,31,0,2,1,1
IRQ,1989,2,50,50,50,2,0,0,1,1
IRQ,1990,6,117,2259,117,2,0,4,1,1
IRQ,1991,101,24501,31541,24501,82,0,19,1,1
IRQ,1992,53,846,1431,846,34,7,12,1,1
IRQ,1993,41,368,580,338,29,8,4,1,1
IRQ,1994,38,995,1312,995,16,17,5,1,1
IRQ,1995,86,1537,2386,1537,51,31,4,1,1
IRQ,1996,66,832,1205,832,48,10,8,1,1
IRQ,1997,71,1628,2783,1628,48,22,1,1,1
IRQ,1998,17,96,184,96,14,1,2,1,1
IRQ,1999,18,308,937,308,8,0,10,1,1
IRQ,2000,11,193,213,193,2,6,3,1,1
IRQ,2001,14,56,88,56,13,1,0,1,1
IRQ,2002,6,111,201,111,2,4,0,1,1
IRQ,2003,106,8021,14159,7995,97,7,2,1,1
IRQ,2004,344,4366,6468,4344,285,11,48,1,1
IRQ,2005,505,3521,4599,3445,414,1,90,1,1
IRQ,2006,534,4598,4981,3772,448,1,85,1,1
IRQ,2007,451,4489,4926,3759,339,9,103,1,1
IRQ,2008,403,2765,3579,2702,325,0,78,1,1
IRQ,2009,355,1720,1785,1476,218,0,137,1,1
IRQ,2010,367,1857,1943,1542,251,0,116,1,1
IRQ,2011,192,1365,1654,1216,160,0,32,1,1
IRQ,2012,258,1407,1443,1274,148,0,110,1,1
IRQ,2013,503,4010,4120,3792,330,3,170,1,1
IRQ,2014,796,16437,17931,15423,657,6,133,1,1
IRQ,2015,687,11304,12767,11209,567,1,119,1,1
IRQ,2016,726,12025,12705,11757,563,0,163,1,1
IRQ,2017,609,11417,13609,11168,548,0,61,1,1
IRQ,2018,268,1448,1506,1430,225,0,43,1,1
IRQ,2019,281,960,1110,912,250,0,31,1,1
IRQ,2020,276,945,997,891,250,0,26,1,1
IRQ,2021,366,1014,1250,912,311,0,55,1,1
IRQ,2022,371,1027,1056,1018,367,0,4,1,1
IRQ,2023,242,498,614,498,238,0,4,1,1
IRQ,2024,268,409,571,403,265,0,3,1,1
ISR,1989,58,93,97,93,7,0,51,1,1
ISR,1990,37,43,51,43,15,0,22,1,1
ISR,1991,37,47,49,47,17,2,18,1,1
ISR,1992,55,72,77,71,41,2,12,1,1
ISR,1993,61,88,90,88,48,0,13,1,1
ISR,1994,52,116,119,113,31,0,21,1,1
ISR,1995,24,78,80,78,17,0,7,1,1
ISR,1996,25,132,150,130,19,0,6,1,1
ISR,1997,5,25,27,25,2,0,3,1,1
ISR,1998,4,6,6,6,3,0,1,1,1
ISR,1999,2,2,4,2,1,0,1,1,1
ISR,2000,60,109,114,106,55,0,5,1,1
ISR,2001,179,356,401,347,139,0,40,1,1
ISR,2002,377,892,977,885,286,1,90,1,1
ISR,2003,152,468,495,468,111,0,41,1,1
ISR,2004,269,522,633,500,196,0,73,1,1
ISR,2005,117,214,241,198,70,0,47,1,1
ISR,2006,271,557,652,524,216,22,33,1,1
ISR,2007,239,538,596,535,145,75,19,1,1
ISR,2008,156,738,787,647,143,3,10,1,1
ISR,2009,153,751,922,653,146,1,6,1,1
ISR,2010,42,75,80,75,38,0,4,1,1
ISR,2011,51,102,102,102,50,0,1,1,1
ISR,2012,144,253,262,253,143,0,1,1,1
ISR,2013,10,12,12,12,10,0,0,1,1
ISR,2014,919,2411,2419,2399,914,0,5,1,1
ISR,2015,12,16,21,16,9,0,3,1,1
ISR,2016,10,11,13,11,6,0,4,1,1
ISR,2017,8,25,25,25,7,0,1,1,1
ISR,2018,49,75,87,75,38,0,11,1,1
ISR,2019,44,83,93,83,40,0,4,1,1
ISR,2020,5,8,8,8,3,0,2,1,1
ISR,2021,106,280,280,280,99,0,7,1,1
ISR,2022,45,98,98,95,43,0,2,1,1
ISR,2023,1200,27434,27555,27366,1165,0,35,1,1
ISR,2024,3092,21476,21544,21419,3073,0,19,1,1
ITA,1993,1,0,1,0,1,0,0,1,0
JAM,1989,1,1,1,0,0,1,0,1,1
JAM,1994,1,5,5,5,0,1,0,1,1
JAM,2001,20,116,126,116,0,20,0,1,1
JAM,2002,7,22,22,22,0,7,0,1,1
JOR,1992,1,1,1,1,0,0,1,1,1
JOR,2005,1,59,59,59,0,0,1,1,1
JOR,2015,1,1,1,1,1,0,0,1,1
JOR,2016,5,37,37,37,4,1,0,1,1
JOR,2024,1,3,3,3,1,0,0,1,1
KEN,1989,3,63,135,63,0,2,1,1,1
KEN,1990,1,7,7,2,0,0,1,1,1
KEN,1991,2,17,17,17,0,2,0,1,1
KEN,1992,26,159,208,159,0,22,4,1,1
KEN,1993,18,287,287,256,0,17,1,1,1
KEN,1994,13,34,52,34,0,11,2,1,1
KEN,1995,4,60,61,60,0,3,1,1,1
KEN,1996,9,170,195,170,0,7,2,1,1
KEN,1997,11,212,217,212,0,9,2,1,1
KEN,1998,15,322,459,322,0,15,0,1,1
KEN,1999,8,229,231,168,2,6,0,1,1
KEN,2000,18,261,261,261,0,15,3,1,1
KEN,2001,18,192,225,192,1,15,2,1,1
KEN,2002,5,45,45,45,0,4,1,1,1
KEN,2003,2,7,7,7,0,2,0,1,1
KEN,2004,4,20,20,20,0,4,0,1,1
KEN,2005,29,215,318,212,0,23,6,1,1
KEN,2006,22,219,225,218,0,18,4,1,1
KEN,2007,52,200,262,200,1,7,44,1,1
KEN,2008,117,783,893,758,0,63,54,1,1
KEN,2009,25,170,216,162,0,16,9,1,1
KEN,2010,28,87,88,87,0,28,0,1,1
KEN,2011,26,144,169,134,2,20,4,1,1
KEN,2012,71,309,383,305,19,30,22,1,1
KEN,2013,49,267,459,253,5,40,4,1,1
KEN,2014,85,344,499,331,11,57,17,1,1
KEN,2015,42,389,533,387,21,17,4,1,1
KEN,2016,48,130,187,126,22,15,11,1,1
KEN,2017,107,228,269,226,33,24,50,1,1
KEN,2018,69,164,245,151,24,27,18,1,1
KEN,2019,51,188,230,155,21,22,8,1,1
KEN,2020,65,151,200,150,37,8,20,1,1
KEN,2021,54,135,239,135,38,11,5,1,1
KEN,2022,31,101,178,100,24,1,6,1,1
KEN,2023,57,224,259,219,44,0,13,1,1
KEN,2024,30,112,115,96,17,7,6,1,1
KGZ,1999,2,14,15,14,2,0,0,1,1
KGZ,2000,17,174,175,144,17,0,0,1,1
KGZ,2006,3,6,9,6,3,0,0,1,1
KGZ,2010,25,44,468,44,0,25,0,1,1
KGZ,2015,1,1,1,1,1,0,0,1,1
KGZ,2021,3,40,40,40,3,0,0,1,1
KGZ,2022,32,68,70,64,27,0,5,1,1
KHM,1989,43,814,2434,814,43,0,0,1,1
KHM,1990,25,377,784,371,22,0,3,1,1
KHM,1991,18,322,556,322,15,0,3,1,1
KHM,1992,17,193,212,193,6,0,11,1,1
KHM,1993,82,484,797,481,41,0,41,1,1
KHM,1994,73,572,1299,512,51,0,22,1,1
KHM,1995,100,723,1134,713,96,0,4,1,1
KHM,1996,89,846,1066,846,83,0,6,1,1
KHM,1997,50,444,682,444,46,0,4,1,1
KHM,1998,35,274,451,272,30,0,5,1,1
KHM,1999,1,0,2,0,0,0,1,1,0
KHM,2000,4,4,4,4,0,0,4,1,1
KHM,2003,1,1,1,1,0,0,1,1,1
KHM,2007,1,2,2,2,0,0,1,1,1
KHM,2008,1,2,2,2,1,0,0,1,1
KHM,2009,1,2,5,2,1,0,0,1,1
KHM,2011,3,10,17,10,3,0,0,1,1
KHM,2012,2,1,3,1,0,0,2,1,1
KWT,1990,19,1329,1630,1329,11,0,8,1,1
KWT,1991,19,460,926,417,14,0,5,1,1
KWT,1996,1,1,1,1,0,0,1,1,1
KWT,2015,1,26,26,26,0,0,1,1,1
LAO,1989,1,30,30,30,1,0,0,1,1
LAO,1990,6,255,255,51,5,0,1,1,1
LAO,1993,1,3,3,3,0,0,1,1,1
LAO,1997,1,2,2,2,0,0,1,1,1
LAO,1999,1,2,2,2,0,0,1,1,1
LAO,2000,2,7,7,7,1,0,1,1,1
LAO,2002,2,4,4,4,0,0,2,1,1
LAO,2003,3,5,5,5,0,0,3,1,1
LAO,2004,3,4,4,4,0,0,3,1,1
LAO,2006,4,73,73,70,0,0,4,1,1
LBN,1989,210,1097,1344,978,159,51,0,1,1
LBN,1990,89,1903,2305,1501,18,71,0,1,1
LBN,1991,29,68,75,68,17,12,0,1,1
LBN,1992,54,132,143,132,34,20,0,1,1
LBN,1993,80,165,232,158,59,19,2,1,1
LBN,1994,59,144,183,133,37,21,1,1,1
LBN,1995,72,126,147,123,46,26,0,1,1
LBN,1996,58,214,227,214,39,16,3,1,1
LBN,1997,63,105,124,105,49,13,1,1,1
LBN,1998,51,85,95,85,34,16,1,1,1
LBN,1999,41,74,75,72,25,16,0,1,1
LBN,2000,33,59,59,54,14,18,1,1,1
LBN,2001,3,4,4,4,3,0,0,1,1
LBN,2002,1,0,1,0,1,0,0,1,0
LBN,2003,1,1,1,1,1,0,0,1,1
LBN,2005,3,3,3,3,3,0,0,1,1
LBN,2006,246,1194,1356,1176,244,0,2,1,1
LBN,2008,5,38,64,23,0,5,0,1,1
LBN,2011,2,4,4,4,0,0,2,1,1
LBN,2012,6,53,56,53,0,5,1,1,1
LBN,2013,28,179,196,174,2,25,1,1,1
LBN,2014,41,231,244,231,14,27,0,1,1
LBN,2015,19,200,300,131,12,7,0,1,1
LBN,2016,13,56,62,56,7,5,1,1,1
LBN,2017,20,297,323,296,15,5,0,1,1
LBN,2018,1,2,2,2,1,0,0,1,1
LBN,2020,4,20,20,20,4,0,0,1,1
LBN,2023,39,123,124,123,39,0,0,1,1
LBN,2024,1114,4339,5160,3985,1114,0,0,1,1
LBR,1989,6,45,45,45,4,0,2,1,1
LBR,1990,138,3729,4279,3729,41,5,92,1,1
LBR,1991,19,578,581,578,0,3,16,1,1
LBR,1992,26,453,2109,453,0,12,14,1,1
LBR,1993,47,2673,2897,2673,1,7,39,1,1
LBR,1994,92,4167,5165,4166,0,13,79,1,1
LBR,1995,52,2290,2329,2290,0,4,48,1,1
LBR,1996,31,3077,4082,1424,0,16,15,1,1
LBR,1997,3,13,13,13,0,0,3,1,1
LBR,1998,1,13,13,13,0,0,1,1,1
LBR,1999,3,70,70,70,0,0,3,1,1
LBR,2000,5,101,101,101,3,0,2,1,1
LBR,2001,28,481,491,481,13,0,15,1,1
LBR,2002,43,2259,2284,2158,24,0,19,1,1
LBR,2003,53,3281,3381,3281,34,0,19,1,1
LBR,2019,1,1,1,1,0,0,1,1,1
LBR,2020,2,2,2,2,0,0,2,1,1
LBR,2024,1,1,1,1,0,0,1,1,1
LBY,2008,1,6,6,6,0,1,0,1,1
LBY,2011,235,3914,6453,3874,228,0,7,1,1
LBY,2012,19,378,406,378,1,18,0,1,1
LBY,2013,18,36,66,22,15,3,0,1,1
LBY,2014,109,1455,1539,1446,26,83,0,1,1
LBY,2015,161,1594,1688,1517,28,111,22,1,1
LBY,2016,184,2349,3526,2241,111,67,6,1,1
LBY,2017,80,1096,1277,1006,18,61,1,1,1
LBY,2018,123,670,821,638,7,113,3,1,1
LBY,2019,186,1786,1871,1511,164,19,3,1,1
LBY,2020,131,690,806,579,127,2,2,1,1
LBY,2021,7,12,15,12,6,1,0,1,1
LBY,2022,7,13,17,13,3,4,0,1,1
LBY,2023,1,2,2,2,1,0,0,1,1
LBY,2024,1,2,3,2,1,0,0,1,1
LKA,1989,192,1288,2137,1271,113,9,70,1,1
LKA,1990,244,4840,6133,4807,197,3,44,1,1
LKA,1991,316,6646,7101,6646,299,0,17,1,1
LKA,1992,180,4444,4603,4441,166,0,14,1,1
LKA,1993,111,2084,2363,2084,107,0,4,1,1
LKA,1994,80,712,856,712,65,10,5,1,1
LKA,1995,252,4971,5298,4964,238,0,14,1,1
LKA,1996,120,4097,4481,4097,109,0,11,1,1
LKA,1997,135,2902,3999,2902,129,0,6,1,1
LKA,1998,179,3830,4509,3831,172,0,7,1,1
LKA,1999,184,1948,2702,1948,174,3,7,1,1
LKA,2000,177,2569,4209,2569,166,0,11,1,1
LKA,2001,136,1162,1173,1162,129,0,7,1,1
LKA,2002,5,17,17,17,3,1,1,1,1
LKA,2003,23,33,69,21,9,1,13,1,1
LKA,2004,36,84,105,66,12,19,5,1,1
LKA,2005,83,130,174,130,40,26,17,1,1
LKA,2006,229,2173,3118,2173,196,13,20,1,1
LKA,2007,488,2564,3233,2461,456,3,29,1,1
LKA,2008,1016,8453,10121,8453,992,2,22,1,1
LKA,2009,387,10418,13968,10389,356,2,29,1,1
LKA,2011,2,2,2,2,0,0,2,1,1
LKA,2013,1,5,6,5,0,0,1,1,1
LKA,2017,1,1,1,1,0,0,1,1,1
LKA,2019,4,255,256,255,0,0,4,1,1
LSO,1998,5,78,78,78,5,0,0,1,1
MAR,1989,6,207,378,207,6,0,0,1,1
MAR,1991,2,19,21,19,2,0,0,1,1
MAR,2003,2,34,34,34,0,0,2,1,1
MAR,2011,1,17,17,17,0,0,1,1,1
MAR,2020,1,2,2,2,1,0,0,1,1
MAR,2021,7,6,34,6,7,0,0,1,1
MAR,2022,4,14,14,14,4,0,0,1,1
MAR,2023,2,5,5,5,2,0,0,1,1
MAR,2024,2,7,7,7,2,0,0,1,1
MDA,1992,77,585,632,316,77,0,0,1,1
MDG,2002,32,79,79,79,0,32,0,1,1
MDG,2009,7,113,169,83,0,6,1,1,1
MDG,2012,3,15,15,15,0,0,3,1,1
MDG,2017,1,1,1,1,0,0,1,1,1
MDG,2019,3,3,14,3,0,0,3,1,1
MDG,2020,1,23,23,3,0,0,1,1,1
MEX,1989,2,3,3,3,0,0,2,1,1
MEX,1990,3,4,8,4,0,0,3,1,1
MEX,1992,3,16,16,16,0,2,1,1,1
MEX,1993,3,34,34,34,0,3,0,1,1
MEX,1994,12,153,453,153,10,1,1,1,1
MEX,1995,5,22,45,22,2,1,2,1,1
MEX,1996,15,43,76,43,15,0,0,1,1
MEX,1997,6,58,58,58,4,0,2,1,1
MEX,1998,5,7,7,7,4,0,1,1,1
MEX,2002,3,27,28,27,0,2,1,1,1
MEX,2004,31,220,220,220,0,30,1,1,1
MEX,2005,12,204,621,204,0,12,0,1,1
MEX,2006,40,670,980,670,0,39,1,1,1
MEX,2007,1409,1946,2343,1939,0,1406,3,1,1
MEX,2008,384,3743,3938,3736,0,383,1,1,1
MEX,2009,605,5607,5643,5510,0,596,9,1,1
MEX,2010,2085,6215,6567,6208,0,2074,11,1,1
MEX,2011,369,4945,5595,4825,0,358,11,1,1
MEX,2012,266,5966,6168,5880,0,246,20,1,1
MEX,2013,191,4478,4512,4374,0,184,7,1,1
MEX,2014,183,3357,4039,3357,0,171,12,1,1
MEX,2015,258,4527,4620,3814,0,251,7,1,1
MEX,2016,187,4306,5228,4306,0,185,2,1,1
MEX,2017,348,9725,9850,9722,0,341,7,1,1
MEX,2018,714,11247,13105,10935,0,701,13,1,1
MEX,2019,1024,10486,12134,10455,0,1016,8,1,1
MEX,2020,2033,13431,14046,3953,0,2023,10,1,1
MEX,2021,3744,15119,16676,5560,0,3721,23,1,1
MEX,2022,2179,12555,13671,3341,0,2127,52,1,1
MEX,2023,2748,10899,11726,3781,0,2726,22,1,1
MEX,2024,2683,11022,11189,3176,0,2617,66,1,1
MKD,1999,1,6,6,6,0,0,1,1,1
MKD,2000,1,3,3,3,1,0,0,1,1
MKD,2001,53,72,230,72,53,0,0,1,1
MLI,1990,15,582,729,582,7,0,8,1,1
MLI,1991,11,247,354,191,7,0,4,1,1
MLI,1992,8,86,128,86,3,0,5,1,1
MLI,1993,1,0,3,0,0,0,1,1,0
MLI,1994,41,729,1590,729,10,1,30,1,1
MLI,1995,4,4,17,11,3,0,1,1,1
MLI,1997,1,22,22,22,0,1,0,1,1
MLI,1999,4,59,77,59,0,4,0,1,1
MLI,2002,1,5,5,5,0,1,0,1,1
MLI,2004,2,20,20,20,0,2,0,1,1
MLI,2005,1,12,14,12,1,0,0,1,1
MLI,2007,8,39,39,39,8,0,0,1,1
MLI,2008,10,113,128,113,9,0,1,1,1
MLI,2009,9,127,133,94,8,0,1,1,1
MLI,2010,2,28,40,26,2,0,0,1,1
MLI,2011,4,23,23,23,3,0,1,1,1
MLI,2012,43,359,735,350,22,13,8,1,1
MLI,2013,83,881,1074,881,73,2,8,1,1
MLI,2014,30,291,396,289,21,7,2,1,1
MLI,2015,55,256,346,245,47,6,2,1,1
MLI,2016,53,198,291,197,38,11,4,1,1
MLI,2017,127,612,890,592,95,17,15,1,1
MLI,2018,236,1281,1501,1179,103,45,88,1,1
MLI,2019,199,1227,1527,1182,116,27,56,1,1
MLI,2020,234,1543,1736,1432,128,36,70,1,1
MLI,2021,215,1287,1538,1232,131,48,36,1,1
MLI,2022,409,3656,4462,3540,232,72,105,1,1
MLI,2023,320,2118,2897,2087,184,35,101,1,1
MLI,2024,447,1901,2644,1783,224,39,184,1,1
MLT,1995,1,0,1,0,1,0,0,1,0
MMR,1989,37,1534,2143,768,33,0,4,1,1
MMR,1990,32,796,857,664,19,4,9,1,1
MMR,1991,32,1375,1499,1320,21,2,9,1,1
MMR,1992,45,1749,1942,1690,31,0,14,1,1
MMR,1993,12,145,245,145,8,0,4,1,1
MMR,1994,83,794,1252,783,39,2,42,1,1
MMR,1995,89,1496,2359,1443,23,5,61,1,1
MMR,1996,79,591,639,591,24,6,49,1,1
MMR,1997,88,788,857,788,11,0,77,1,1
MMR,1998,125,581,597,560,8,7,110,1,1
MMR,1999,129,369,372,364,9,1,119,1,1
MMR,2000,173,748,938,746,16,1,156,1,1
MMR,2001,93,387,406,372,24,7,62,1,1
MMR,2002,100,543,652,529,42,0,58,1,1
MMR,2003,65,272,286,272,9,1,55,1,1
MMR,2004,84,177,182,175,18,0,66,1,1
MMR,2005,81,449,491,415,18,6,57,1,1
MMR,2006,113,452,475,414,29,1,83,1,1
MMR,2007,177,704,825,632,31,13,133,1,1
MMR,2008,65,102,119,101,14,1,50,1,1
MMR,2009,35,225,437,191,21,0,14,1,1
MMR,2010,50,185,189,169,33,0,17,1,1
MMR,2011,265,811,2315,793,207,0,58,1,1
MMR,2012,77,971,2509,918,50,10,17,1,1
MMR,2013,86,358,440,346,62,8,16,1,1
MMR,2014,35,256,491,166,29,2,4,1,1
MMR,2015,198,705,3260,703,179,0,19,1,1
MMR,2016,57,183,409,162,41,0,16,1,1
MMR,2017,88,2395,2555,2270,40,0,48,1,1
MMR,2018,71,122,253,92,67,0,4,1,1
MMR,2019,148,587,1177,451,136,0,12,1,1
MMR,2020,77,207,284,195,70,0,7,1,1
MMR,2021,857,1781,6235,1654,539,0,318,1,1
MMR,2022,1549,2761,11415,2583,1262,1,286,1,1
MMR,2023,2085,3065,10232,2958,1803,0,282,1,1
MMR,2024,1096,2896,5209,2800,931,0,165,1,1
MOZ,1989,131,1552,4177,1547,110,0,21,1,1
MOZ,1990,44,1759,1825,509,24,0,20,1,1
MOZ,1991,58,1961,3057,1000,17,4,37,1,1
MOZ,1992,34,521,773,521,11,0,23,1,1
MOZ,1993,2,2,2,2,0,0,2,1,1
MOZ,1994,2,2,2,2,0,0,2,1,1
MOZ,1995,1,1,1,1,0,0,1,1,1
MOZ,2004,1,1,1,1,1,0,0,1,1
MOZ,2005,2,13,13,13,1,0,1,1,1
MOZ,2010,1,7,7,7,0,0,1,1,1
MOZ,2012,1,2,2,2,1,0,0,1,1
MOZ,2013,18,45,119,32,15,0,3,1,1
MOZ,2014,13,33,38,25,12,0,1,1,1
MOZ,2016,31,68,77,58,25,0,6,1,1
MOZ,2017,3,3,7,3,0,0,3,1,1
MOZ,2018,48,171,179,164,15,0,33,1,1
MOZ,2019,124,597,638,540,45,0,79,1,1
MOZ,2020,213,1627,2066,1212,87,0,126,1,1
MOZ,2021,235,1918,2276,1446,136,0,99,1,1
MOZ,2022,268,717,1042,466,109,6,153,1,1
MOZ,2023,100,271,405,151,57,3,40,1,1
MOZ,2024,185,522,770,409,37,11,137,1,1
MRT,1989,15,128,533,126,0,5,10,1,1
MRT,1990,6,29,229,29,0,0,6,1,1
MRT,1992,1,0,1,0,0,0,1,1,0
MRT,2007,1,4,4,4,0,0,1,1,1
MRT,2008,1,12,12,12,1,0,0,1,1
MRT,2009,1,1,1,1,0,0,1,1,1
MRT,2010,1,1,1,1,1,0,0,1,1
MRT,2011,6,13,33,9,5,0,1,1,1
MRT,2012,1,1,1,1,0,0,1,1,1
MRT,2019,1,1,1,1,0,0,1,1,1
MRT,2020,1,0,1,0,0,0,1,1,0
MRT,2023,2,6,6,6,2,0,0,1,1
MRT,2024,1,3,3,3,1,0,0,1,1
MYS,2013,14,70,88,68,13,0,1,1,1
MYS,2017,1,1,1,1,1,0,0,1,1
NAM,1994,1,0,3,0,0,0,1,1,0
NAM,1996,1,2,2,2,0,0,1,1,1
NAM,1999,1,1,1,1,1,0,0,1,1
NAM,2000,15,60,79,60,7,0,8,1,1
NAM,2002,1,0,5,0,0,0,1,1,0
NER,1989,1,170,170,170,0,0,1,1,1
NER,1990,2,200,603,63,0,0,2,1,1
NER,1991,9,40,153,40,8,0,1,1,1
NER,1992,11,29,29,29,11,0,0,1,1
NER,1993,1,6,20,6,1,0,0,1,1
NER,1994,11,50,97,50,9,0,2,1,1
NER,1995,7,67,67,65,5,0,2,1,1
NER,1996,3,14,54,14,3,0,0,1,1
NER,1997,8,81,114,81,7,1,0,1,1
NER,1998,2,147,148,147,0,0,2,1,1
NER,2004,1,4,4,4,1,0,0,1,1
NER,2007,22,98,134,98,15,0,7,1,1
NER,2008,13,68,125,68,10,1,2,1,1
NER,2012,1,1,1,1,1,0,0,1,1
NER,2013,6,31,31,31,6,0,0,1,1
NER,2014,2,5,5,5,0,2,0,1,1
NER,2015,43,533,702,493,26,1,16,1,1
NER,2016,18,299,306,299,13,0,5,1,1
NER,2017,16,248,255,248,12,0,4,1,1
NER,2018,25,181,253,175,13,4,8,1,1
NER,2019,72,454,503,448,33,0,39,1,1
NER,2020,68,820,932,793,32,0,36,1,1
NER,2021,78,1130,1245,927,39,4,35,1,1
NER,2022,73,664,732,538,53,4,16,1,1
NER,2023,97,513,910,447,60,4,33,1,1
NER,2024,85,1222,1650,1075,58,1,26,1,1
NGA,1990,2,89,89,89,0,1,1,1,1
NGA,1991,4,380,1600,330,0,4,0,1,1
NGA,1992,12,943,3316,712,0,11,1,1,1
NGA,1993,8,1185,1190,1185,0,6,2,1,1
NGA,1994,16,90,146,80,0,2,14,1,1
NGA,1995,1,1,1,1,0,0,1,1,1
NGA,1996,5,87,87,47,0,2,3,1,1
NGA,1997,20,595,611,595,0,18,2,1,1
NGA,1998,31,357,438,357,0,18,13,1,1
NGA,1999,39,3519,3786,3196,0,23,16,1,1
NGA,2000,30,2104,5877,1592,0,21,9,1,1
NGA,2001,41,2437,4673,2433,0,16,25,1,1
NGA,2002,45,629,927,544,0,21,24,1,1
NGA,2003,63,449,541,449,1,46,16,1,1
NGA,2004,87,2136,2487,1756,13,68,6,1,1
NGA,2005,22,233,256,183,0,14,8,1,1
NGA,2006,23,231,368,226,0,22,1,1,1
NGA,2007,22,157,159,157,0,18,4,1,1
NGA,2008,31,432,440,432,0,18,13,1,1
NGA,2009,41,533,1018,529,16,17,8,1,1
NGA,2010,92,980,1651,902,16,63,13,1,1
NGA,2011,254,1831,2770,1742,73,106,75,1,1
NGA,2012,409,2022,2459,1843,183,95,131,1,1
NGA,2013,334,3391,4172,3210,121,114,99,1,1
NGA,2014,554,10346,12679,10175,149,140,265,1,1
NGA,2015,505,9121,11016,8941,173,97,235,1,1
NGA,2016,434,3949,4450,3933,237,128,69,1,1
NGA,2017,507,3589,4492,3556,261,126,120,1,1
NGA,2018,535,3243,4190,2919,198,251,86,1,1
NGA,2019,524,2455,3573,2197,250,187,87,1,1
NGA,2020,625,3079,4357,2674,391,155,79,1,1
NGA,2021,515,3171,4790,2736,307,148,60,1,1
NGA,2022,471,2917,4132,2268,240,164,67,1,1
NGA,2023,626,3971,5166,3356,351,171,104,1,1
NGA,2024,490,3170,3521,2423,285,145,60,1,1
NIC,1989,21,526,533,526,21,0,0,1,1
NIC,1990,6,39,43,39,6,0,0,1,1
NLD,1990,1,2,2,2,1,0,0,1,1
NLD,2015,1,0,1,0,1,0,0,1,0
NPL,1990,9,14,17,12,0,0,9,1,1
NPL,1991,1,2,2,2,0,0,1,1,1
NPL,1992,1,0,1,0,0,0,1,1,0
NPL,1993,3,3,6,3,0,0,3,1,1
NPL,1994,1,0,2,0,0,0,1,1,0
NPL,1995,1,0,2,0,0,0,1,1,0
NPL,1996,53,77,81,77,32,0,21,1,1
NPL,1997,37,48,48,48,31,0,6,1,1
NPL,1998,218,357,413,225,164,0,54,1,1
NPL,1999,244,295,462,286,135,0,109,1,1
NPL,2000,186,365,404,351,111,0,75,1,1
NPL,2001,229,569,633,520,115,0,114,1,1
NPL,2002,1531,4432,4603,3259,1256,0,275,1,1
NPL,2003,885,1732,1878,1666,529,0,356,1,1
NPL,2004,1360,2456,2717,2424,836,0,524,1,1
NPL,2005,649,1399,1523,1395,374,0,275,1,1
NPL,2006,215,566,603,559,116,0,99,1,1
NPL,2007,20,31,65,31,0,4,16,1,1
NPL,2008,9,0,17,0,0,0,9,1,0
NPL,2009,2,9,9,7,2,0,0,1,1
NPL,2022,1,1,1,1,0,0,1,1,1
PAK,1989,20,114,114,112,0,20,0,1,1
PAK,1990,44,386,389,386,3,40,1,1,1
PAK,1991,10,62,62,62,6,4,0,1,1
PAK,1992,5,72,72,72,0,5,0,1,1
PAK,1993,7,48,50,48,2,5,0,1,1
PAK,1994,38,169,169,169,16,22,0,1,1
PAK,1995,23,127,157,127,14,9,0,1,1
PAK,1996,21,64,70,64,18,2,1,1,1
PAK,1997,29,123,174,123,16,8,5,1,1
PAK,1998,39,121,162,121,24,13,2,1,1
PAK,1999,12,57,58,57,10,0,2,1,1
PAK,2000,27,59,59,59,27,0,0,1,1
PAK,2001,9,42,58,42,8,0,1,1,1
PAK,2002,70,170,178,170,66,0,4,1,1
PAK,2003,79,242,294,242,76,0,3,1,1
PAK,2004,62,430,972,430,58,0,4,1,1
PAK,2005,48,168,363,147,39,0,9,1,1
PAK,2006,46,427,568,427,42,0,4,1,1
PAK,2007,211,1380,1980,1354,138,37,36,1,1
PAK,2008,664,4621,5703,4577,532,71,61,1,1
PAK,2009,884,7512,8196,5906,793,38,53,1,1
PAK,2010,962,7251,8887,6868,844,31,87,1,1
PAK,2011,613,3475,4242,3438,514,63,36,1,1
PAK,2012,651,3583,4024,3583,547,54,50,1,1
PAK,2013,361,2914,3058,2914,273,12,76,1,1
PAK,2014,433,3639,3843,3637,379,28,26,1,1
PAK,2015,285,2454,2540,2452,258,7,20,1,1
PAK,2016,158,1100,1105,1100,142,0,16,1,1
PAK,2017,163,960,995,960,141,1,21,1,1
PAK,2018,93,483,507,483,76,0,17,1,1
PAK,2019,99,293,318,293,93,1,5,1,1
PAK,2020,145,409,426,348,137,0,8,1,1
PAK,2021,191,452,492,430,177,1,13,1,1
PAK,2022,284,719,863,673,268,0,16,1,1
PAK,2023,382,1178,1307,1056,339,9,34,1,1
PAK,2024,687,1885,2446,1799,571,12,104,1,1
PAN,1989,3,920,2234,769,3,0,0,1,1
PAN,2009,1,1,1,1,0,0,1,1,1
PER,1989,172,1945,2006,1928,132,2,38,1,1
PER,1990,140,1228,1288,1228,95,2,43,1,1
PER,1991,122,1350,2087,1350,83,1,38,1,1
PER,1992,128,1195,2060,1195,94,0,34,1,1
PER,1993,72,779,1066,779,52,0,20,1,1
PER,1994,35,369,524,369,24,0,11,1,1
PER,1995,41,274,461,267,38,0,3,1,1
PER,1996,25,105,217,105,18,0,7,1,1
PER,1997,19,116,122,116,16,0,3,1,1
PER,1998,9,33,33,33,5,0,4,1,1
PER,1999,16,89,90,89,13,0,3,1,1
PER,2000,4,5,5,5,4,0,0,1,1
PER,2001,3,21,21,21,3,0,0,1,1
PER,2002,6,13,21,13,3,0,3,1,1
PER,2003,4,13,13,13,4,0,0,1,1
PER,2004,2,3,4,3,2,0,0,1,1
PER,2005,1,0,6,0,0,0,1,1,0
PER,2006,3,11,11,11,2,0,1,1,1
PER,2007,9,32,32,32,9,0,0,1,1
PER,2008,13,40,40,40,13,0,0,1,1
PER,2009,13,54,84,54,10,0,3,1,1
PER,2010,13,29,29,29,12,0,1,1,1
PER,2011,11,15,17,15,9,0,2,1,1
PER,2013,1,3,3,3,1,0,0,1,1
PER,2014,8,14,14,14,4,0,4,1,1
PER,2015,4,9,9,9,4,0,0,1,1
PER,2016,2,11,11,11,1,0,1,1,1
PER,2017,2,7,7,7,2,0,0,1,1
PER,2019,1,2,2,2,0,0,1,1,1
PER,2020,3,11,11,11,1,0,2,1,1
PER,2021,3,20,20,20,3,0,0,1,1
PER,2022,3,14,14,14,2,0,1,1,1
PER,2023,2,12,12,12,2,0,0,1,1
PHL,1989,136,984,1093,963,109,0,27,1,1
PHL,1990,128,1362,1421,1358,101,0,27,1,1
PHL,1991,113,1549,1975,1549,96,0,17,1,1
PHL,1992,59,445,469,445,51,0,8,1,1
PHL,1993,45,318,391,318,31,6,8,1,1
PHL,1994,40,308,332,308,30,2,8,1,1
PHL,1995,18,188,225,188,13,0,5,1,1
PHL,1996,26,199,203,199,23,0,3,1,1
PHL,1997,40,322,401,277,33,0,7,1,1
PHL,1998,23,138,144,138,18,1,4,1,1
PHL,1999,48,219,262,186,44,1,3,1,1
PHL,2000,171,1761,1912,1732,137,0,34,1,1
PHL,2001,144,1053,1298,768,120,0,24,1,1
PHL,2002,211,763,849,763,183,1,27,1,1
PHL,2003,152,1134,1432,989,125,0,27,1,1
PHL,2004,136,471,576,462,125,0,11,1,1
PHL,2005,124,487,549,472,114,0,10,1,1
PHL,2006,131,434,1224,434,113,5,13,1,1
PHL,2007,103,483,1453,483,89,0,14,1,1
PHL,2008,182,566,1006,566,162,0,20,1,1
PHL,2009,155,1048,1116,1031,130,3,22,1,1
PHL,2010,119,372,516,372,96,0,23,1,1
PHL,2011,149,414,449,414,125,7,17,1,1
PHL,2012,109,311,347,304,100,2,7,1,1
PHL,2013,139,537,643,537,131,0,8,1,1
PHL,2014,149,484,504,477,142,0,7,1,1
PHL,2015,203,628,812,615,164,4,35,1,1
PHL,2016,168,616,711,522,127,0,41,1,1
PHL,2017,267,1713,1839,1686,235,0,32,1,1
PHL,2018,123,436,448,360,113,0,10,1,1
PHL,2019,130,364,411,351,110,0,20,1,1
PHL,2020,158,376,378,375,139,0,19,1,1
PHL,2021,143,310,319,310,126,0,17,1,1
PHL,2022,128,247,247,244,123,0,5,1,1
PHL,2023,117,269,295,267,99,0,18,1,1
PHL,2024,81,204,204,193,73,0,8,1,1
PNG,1989,6,14,14,13,4,0,2,1,1
PNG,1990,15,61,71,61,13,0,2,1,1
PNG,1991,3,29,29,29,2,0,1,1,1
PNG,1992,16,61,82,61,9,0,7,1,1
PNG,1993,14,40,81,40,12,0,2,1,1
PNG,1994,6,26,26,26,6,0,0,1,1
PNG,1995,11,33,35,33,9,0,2,1,1
PNG,1996,26,106,111,98,19,0,7,1,1
PNG,1997,4,12,12,12,4,0,0,1,1
PNG,1998,2,40,40,40,0,2,0,1,1
PNG,1999,2,60,60,60,0,2,0,1,1
PNG,2000,2,13,13,13,0,2,0,1,1
PNG,2001,6,65,85,65,0,5,1,1,1
PNG,2002,3,7,10,7,0,3,0,1,1
PNG,2012,4,57,57,57,0,4,0,1,1
PNG,2019,3,30,32,28,0,3,0,1,1
PNG,2021,4,38,38,26,0,4,0,1,1
PNG,2022,16,109,110,78,0,14,2,1,1
PNG,2023,1,1,1,1,0,0,1,1,1
PNG,2024,8,135,172,125,0,2,6,1,1
POL,2022,1,2,2,2,1,0,0,1,1
PRY,1989,1,150,300,17,1,0,0,1,1
PRY,2016,1,1,1,1,0,1,0,1,1
PRY,2018,1,1,1,1,0,0,1,1,1
PRY,2020,1,1,1,1,0,0,1,1,1
PRY,2021,1,4,4,4,0,0,1,1,1
QAT,2004,1,0,3,0,1,0,0,1,0
ROU,1989,16,448,1278,448,10,0,6,1,1
RUS,1989,6,160,174,20,0,2,4,1,1
RUS,1990,28,393,763,276,16,12,0,1,1
RUS,1991,56,340,648,340,31,18,7,1,1
RUS,1992,1,1,1,1,0,0,1,1,1
RUS,1993,12,145,147,145,12,0,0,1,1
RUS,1994,31,485,720,485,22,7,2,1,1
RUS,1995,205,1910,6511,1910,191,0,14,1,1
RUS,1996,147,2764,4106,2747,141,0,6,1,1
RUS,1997,5,13,15,13,4,0,1,1,1
RUS,1998,3,7,11,7,2,0,1,1,1
RUS,1999,68,6197,12715,6162,50,0,18,1,1
RUS,2000,176,4333,7316,4306,130,0,46,1,1
RUS,2001,159,992,1449,991,116,0,43,1,1
RUS,2002,388,1508,3577,1323,346,0,42,1,1
RUS,2003,73,548,696,508,69,0,4,1,1
RUS,2004,253,1317,1485,1298,239,0,14,1,1
RUS,2005,247,688,742,656,243,0,4,1,1
RUS,2006,152,260,358,259,151,0,1,1,1
RUS,2007,145,182,291,182,135,0,10,1,1
RUS,2008,192,410,460,285,188,0,4,1,1
RUS,2009,315,698,781,554,314,0,1,1,1
RUS,2010,245,481,699,472,236,0,9,1,1
RUS,2011,241,396,561,394,231,0,10,1,1
RUS,2012,223,525,737,523,215,0,8,1,1
RUS,2013,179,365,582,330,172,0,7,1,1
RUS,2014,76,176,306,176,72,0,4,1,1
RUS,2015,31,86,91,79,30,0,1,1,1
RUS,2016,29,78,96,72,28,0,1,1,1
RUS,2017,28,53,81,53,28,0,0,1,1
RUS,2018,21,38,38,38,19,0,2,1,1
RUS,2019,12,26,27,26,12,0,0,1,1
RUS,2020,18,33,34,26,17,0,1,1,1
RUS,2021,2,2,2,2,2,0,0,1,1
RUS,2022,32,67,67,62,32,0,0,1,1
RUS,2023,87,204,291,157,87,0,0,1,1
RUS,2024,730,7819,5969,6460,728,0,2,1,1
RWA,1990,37,2647,4363,2619,28,0,9,1,1
RWA,1991,38,1102,3426,1099,31,0,7,1,1
RWA,1992,32,647,1977,647,17,0,15,1,1
RWA,1993,42,977,4534,977,8,0,34,1,1
RWA,1994,2119,772463,1612663,347614,57,0,2062,1,1
RWA,1995,17,4232,8981,2176,0,0,17,1,1
RWA,1996,41,876,1198,831,23,1,17,1,1
RWA,1997,131,7201,9277,6758,36,4,91,1,1
RWA,1998,67,1774,2635,1772,33,0,34,1,1
RWA,1999,1,29,31,29,0,0,1,1,1
RWA,2001,22,2044,2074,349,22,0,0,1,1
RWA,2004,1,16,20,16,1,0,0,1,1
RWA,2009,1,2,2,1,0,0,1,1,1
RWA,2011,1,0,2,0,0,0,1,1,0
RWA,2012,4,13,14,9,4,0,0,1,1
RWA,2013,3,4,5,4,2,0,1,1,1
RWA,2016,26,27,27,26,0,0,26,1,1
RWA,2017,9,10,10,10,0,0,9,1,1
RWA,2018,4,18,19,18,2,0,2,1,1
RWA,2019,1,19,19,19,1,0,0,1,1
RWA,2021,2,7,7,7,2,0,0,1,1
RWA,2022,3,8,8,8,2,0,1,1,1
RWA,2024,2,1,6,1,1,0,1,1,1
SAU,1991,4,91,91,91,4,0,0,1,1
SAU,2003,2,26,43,26,0,0,2,1,1
SAU,2004,41,91,145,91,32,0,9,1,1
SAU,2005,17,31,53,30,17,0,0,1,1
SAU,2006,3,11,18,11,3,0,0,1,1
SAU,2007,2,2,6,2,1,0,1,1,1
SAU,2015,40,113,151,113,35,0,5,1,1
SAU,2016,33,125,151,125,31,0,2,1,1
SAU,2017,7,45,53,45,7,0,0,1,1
SAU,2018,8,11,20,9,8,0,0,1,1
SAU,2019,7,6,53,3,6,0,1,1,1
SAU,2020,1,0,1,0,1,0,0,1,0
SAU,2021,3,6,6,2,3,0,0,1,1
SAU,2023,3,9,9,9,3,0,0,1,1
SDN,1989,33,7533,9753,7533,26,5,2,1,1
SDN,1990,63,5335,6235,5335,55,1,7,1,1
SDN,1991,30,4566,7666,4566,19,2,9,1,1
SDN,1992,57,4314,8714,4114,12,5,40,1,1
SDN,1993,78,6042,7175,6042,14,21,43,1,1
SDN,1994,19,977,1057,977,8,2,9,1,1
SDN,1995,43,1494,2513,1494,17,3,23,1,1
SDN,1996,54,2735,2829,2735,21,12,21,1,1
SDN,1997,90,4872,9948,4730,61,12,17,1,1
SDN,1998,126,5958,7434,5758,99,10,17,1,1
SDN,1999,64,2067,3251,2067,42,12,10,1,1
SDN,2000,71,3537,4530,3537,55,4,12,1,1
SDN,2001,74,3719,4063,3719,60,1,13,1,1
SDN,2002,54,3207,5299,3181,34,3,17,1,1
SDN,2003,103,5010,28192,4910,24,1,78,1,1
SDN,2004,224,9712,36073,9547,65,8,151,1,1
SDN,2005,87,1505,2024,1364,17,11,59,1,1
SDN,2006,109,2187,4145,2183,41,10,58,1,1
SDN,2007,71,1180,1337,1164,18,23,30,1,1
SDN,2008,98,1241,2533,1241,47,6,45,1,1
SDN,2009,125,2689,2789,2689,34,40,51,1,1
SDN,2010,94,1790,2893,1790,48,22,24,1,1
SDN,2011,165,2567,3614,2543,101,28,36,1,1
SDN,2012,115,1525,2854,1475,100,2,13,1,1
SDN,2013,141,1959,6115,1692,93,40,8,1,1
SDN,2014,160,1912,4654,1822,82,37,41,1,1
SDN,2015,365,2558,3885,2466,110,39,216,1,1
SDN,2016,250,1997,3061,1989,127,22,101,1,1
SDN,2017,63,548,764,526,19,24,20,1,1
SDN,2018,101,432,699,375,49,21,31,1,1
SDN,2019,92,435,505,429,9,10,73,1,1
SDN,2020,70,627,657,627,5,35,30,1,1
SDN,2021,77,862,954,835,5,29,43,1,1
SDN,2022,110,1407,1809,1399,12,41,57,1,1
SDN,2023,375,7837,9797,7715,280,29,66,1,1
SDN,2024,705,7103,7465,6090,468,9,228,1,1
SEN,1989,11,121,137,121,0,10,1,1,1
SEN,1990,14,84,85,84,5,0,9,1,1
SEN,1991,7,16,17,16,0,0,7,1,1
SEN,1992,16,135,151,135,2,0,14,1,1
SEN,1993,30,285,305,285,10,0,20,1,1
SEN,1995,39,329,350,329,22,0,17,1,1
SEN,1996,2,5,5,5,1,0,1,1,1
SEN,1997,32,366,370,366,21,0,11,1,1
SEN,1998,31,343,353,343,14,2,15,1,1
SEN,1999,9,31,31,31,4,0,5,1,1
SEN,2000,23,56,60,56,16,0,7,1,1
SEN,2001,12,47,237,47,11,0,1,1,1
SEN,2002,15,45,46,45,8,0,7,1,1
SEN,2003,5,39,39,38,5,0,0,1,1
SEN,2004,1,3,3,3,1,0,0,1,1
SEN,2005,2,46,51,41,1,0,1,1,1
SEN,2006,4,126,126,126,2,2,0,1,1
SEN,2008,3,11,14,11,3,0,0,1,1
SEN,2009,11,19,20,19,5,0,6,1,1
SEN,2010,9,19,19,19,6,0,3,1,1
SEN,2011,14,37,55,37,11,0,3,1,1
SEN,2012,10,23,23,23,8,0,2,1,1
SEN,2013,4,8,8,8,4,0,0,1,1
SEN,2018,1,1,1,1,0,0,1,1,1
SEN,2020,1,0,2,0,1,0,0,1,0
SEN,2021,2,0,7,0,2,0,0,1,0
SLB,1992,1,2,2,2,1,0,0,1,1
SLE,1991,128,1225,1964,1224,48,2,78,1,1
SLE,1992,64,531,685,531,24,1,39,1,1
SLE,1993,68,642,1322,642,46,2,20,1,1
SLE,1994,164,2097,2825,2097,48,3,113,1,1
SLE,1995,197,3194,4689,3194,77,2,118,1,1
SLE,1996,100,943,1349,943,29,2,69,1,1
SLE,1997,137,1233,2389,1232,68,0,69,1,1
SLE,1998,360,5155,6120,5153,160,0,200,1,1
SLE,1999,199,4493,9886,4493,86,0,113,1,1
SLE,2000,59,856,1116,856,31,0,28,1,1
SLE,2001,19,73,180,73,16,0,3,1,1
SLE,2002,1,1,1,1,0,0,1,1,1
SLE,2021,1,1,1,0,0,0,1,1,1
SLV,1989,58,4924,4952,4924,58,0,0,1,1
SLV,1990,46,849,999,849,46,0,0,1,1
SLV,1991,10,88,93,88,10,0,0,1,1
SLV,1992,1,4,4,4,1,0,0,1,1
SLV,2004,1,34,34,34,0,1,0,1,1
SLV,2009,2,5,5,5,0,0,2,1,1
SLV,2010,2,2,2,2,0,0,2,1,1
SLV,2015,1,1,1,1,0,0,1,1,1
SLV,2017,1,1,1,1,0,0,1,1,1
SLV,2019,1,1,1,1,0,0,1,1,1
SLV,2021,2,9,9,9,0,0,2,1,1
SLV,2022,68,88,88,88,0,0,68,1,1
SOM,1989,33,1061,9679,1061,29,0,4,1,1
SOM,1990,52,2700,3079,1631,48,2,2,1,1
SOM,1991,20,8455,9496,7630,15,0,5,1,1
SOM,1992,18,4729,13398,4729,10,7,1,1,1
SOM,1993,20,483,554,476,3,17,0,1,1
SOM,1994,37,626,1052,624,21,16,0,1,1
SOM,1995,69,444,897,437,24,44,1,1,1
SOM,1996,92,949,1507,947,35,57,0,1,1
SOM,1997,27,277,399,277,0,27,0,1,1
SOM,1998,18,330,377,304,0,18,0,1,1
SOM,1999,42,542,684,529,2,36,4,1,1
SOM,2000,27,185,216,162,0,26,1,1,1
SOM,2001,31,483,604,461,12,17,2,1,1
SOM,2002,61,638,958,611,10,51,0,1,1
SOM,2003,49,405,591,388,0,48,1,1,1
SOM,2004,52,670,956,666,1,51,0,1,1
SOM,2005,26,340,410,319,0,26,0,1,1
SOM,2006,79,1204,2056,1064,32,46,1,1,1
SOM,2007,294,1620,2136,1601,281,6,7,1,1
SOM,2008,288,1751,2434,1671,228,23,37,1,1
SOM,2009,255,2204,2629,1926,178,54,23,1,1
SOM,2010,313,2722,3048,2457,238,64,11,1,1
SOM,2011,271,2118,2481,1708,225,11,35,1,1
SOM,2012,446,2989,3325,2788,365,17,64,1,1
SOM,2013,383,1045,1888,826,304,0,79,1,1
SOM,2014,406,1247,2389,954,343,1,62,1,1
SOM,2015,319,1254,2548,966,286,1,32,1,1
SOM,2016,377,2073,3324,1338,335,4,38,1,1
SOM,2017,285,2071,2761,1921,230,3,52,1,1
SOM,2018,509,2507,3544,2182,424,13,72,1,1
SOM,2019,426,2219,2734,1923,352,27,47,1,1
SOM,2020,394,2120,2456,2052,343,14,37,1,1
SOM,2021,390,2269,2850,2258,358,1,31,1,1
SOM,2022,338,3115,3568,3083,317,3,18,1,1
SOM,2023,247,4216,5377,4197,216,17,14,1,1
SOM,2024,174,2514,2640,2432,143,8,23,1,1
SRB,1991,250,3295,4744,3194,191,58,1,1,1
SRB,1992,387,1868,2009,1804,67,305,15,1,1
SRB,1995,2,0,2,0,0,0,2,1,0
SRB,1996,3,2,4,2,3,0,0,1,1
SRB,1997,5,9,10,6,3,0,2,1,1
SRB,1998,221,1446,2772,862,154,0,67,1,1
SRB,1999,335,2153,5876,2098,301,0,34,1,1
SRB,2001,1,0,3,0,1,0,0,1,0
SSD,2011,31,1194,1308,1194,13,18,0,1,1
SSD,2012,59,864,1024,850,17,25,17,1,1
SSD,2013,99,1827,3835,1827,39,10,50,1,1
SSD,2014,125,2491,3951,1543,64,3,58,1,1
SSD,2015,99,1137,1376,1127,34,8,57,1,1
SSD,2016,69,1303,1758,1301,29,9,31,1,1
SSD,2017,116,1271,1559,1254,52,13,51,1,1
SSD,2018,157,1229,1470,1172,82,24,51,1,1
SSD,2019,68,642,1171,542,23,27,18,1,1
SSD,2020,63,748,1098,739,17,29,17,1,1
SSD,2021,55,891,930,680,14,35,6,1,1
SSD,2022,35,728,988,714,4,19,12,1,1
SSD,2023,10,224,256,187,2,5,3,1,1
SSD,2024,15,697,702,623,4,10,1,1,1
SWE,2017,1,5,5,5,0,0,1,1,1
SWZ,1989,2,2,2,2,0,0,2,1,1
SWZ,2019,3,1,5,1,0,0,3,1,1
SWZ,2020,2,2,2,1,0,0,2,1,1
SWZ,2021,11,48,83,22,0,0,11,1,1
SWZ,2022,2,2,2,1,0,0,2,1,1
SWZ,2023,2,3,3,3,0,0,2,1,1
SYR,2004,3,8,8,8,1,0,2,1,1
SYR,2008,1,1,1,1,1,0,0,1,1
SYR,2011,954,4347,4974,4141,244,1,709,1,1
SYR,2012,11825,53699,59441,51500,11113,12,700,1,1
SYR,2013,18649,76500,81693,72686,17855,256,538,1,1
SYR,2014,16696,78689,82835,76056,14249,1880,567,1,1
SYR,2015,11382,59609,62017,57299,9766,1095,521,1,1
SYR,2016,9472,53891,56218,52024,7618,1575,279,1,1
SYR,2017,8071,38517,43064,36401,5591,2257,223,1,1
SYR,2018,3557,21730,23221,20217,2250,1205,102,1,1
SYR,2019,2382,11208,12206,10708,1605,691,86,1,1
SYR,2020,1140,5690,6324,5175,797,283,60,1,1
SYR,2021,823,1948,2228,1920,570,183,70,1,1
SYR,2022,793,1671,2070,1668,559,179,55,1,1
SYR,2023,1006,2187,2363,2186,751,213,42,1,1
SYR,2024,1107,3616,3677,3568,787,262,58,1,1
TCD,1989,3,50,650,50,3,0,0,1,1
TCD,1990,19,686,7903,686,15,0,4,1,1
TCD,1991,6,95,100,95,4,0,2,1,1
TCD,1992,31,1190,1888,1090,20,0,11,1,1
TCD,1993,15,313,367,313,5,0,10,1,1
TCD,1994,17,521,701,397,6,0,11,1,1
TCD,1995,17,53,54,53,1,0,16,1,1
TCD,1996,3,4,4,4,0,0,3,1,1
TCD,1997,8,134,134,134,2,0,6,1,1
TCD,1998,9,198,201,198,1,0,8,1,1
TCD,1999,12,394,1230,394,10,1,1,1,1
TCD,2000,14,1070,1122,1070,10,2,2,1,1
TCD,2001,6,230,331,230,4,0,2,1,1
TCD,2002,9,297,353,297,8,0,1,1,1
TCD,2003,4,37,189,37,4,0,0,1,1
TCD,2004,10,80,88,80,3,0,7,1,1
TCD,2005,8,267,530,267,1,0,7,1,1
TCD,2006,62,1956,4055,1956,20,6,36,1,1
TCD,2007,19,431,1055,431,11,4,4,1,1
TCD,2008,15,994,1366,994,12,0,3,1,1
TCD,2009,12,135,328,135,12,0,0,1,1
TCD,2010,1,4,4,4,1,0,0,1,1
TCD,2014,3,16,16,16,0,2,1,1,1
TCD,2015,29,397,436,396,14,1,14,1,1
TCD,2016,7,26,28,26,3,1,3,1,1
TCD,2017,6,91,268,90,3,2,1,1,1
TCD,2018,12,168,216,168,11,0,1,1,1
TCD,2019,23,253,296,253,12,2,9,1,1
TCD,2020,26,249,802,202,21,1,4,1,1
TCD,2021,13,667,894,667,9,1,3,1,1
TCD,2022,12,114,145,113,5,5,2,1,1
TCD,2023,11,112,130,112,5,4,2,1,1
TCD,2024,24,195,198,176,6,13,5,1,1
TGO,1991,4,63,63,61,0,1,3,1,1
TGO,1992,2,5,5,5,0,0,2,1,1
TGO,1993,3,48,58,19,0,0,3,1,1
TGO,1998,4,9,9,9,0,0,4,1,1
TGO,2005,93,436,461,436,0,0,93,1,1
TGO,2019,1,1,1,1,0,0,1,1,1
TGO,2022,8,62,87,47,4,0,4,1,1
TGO,2023,20,76,95,76,12,0,8,1,1
TGO,2024,15,68,75,68,10,0,5,1,1
THA,1989,3,6,10,6,1,0,2,1,1
THA,1990,4,20,31,20,3,0,1,1,1
THA,1991,1,2,2,2,0,1,0,1,1
THA,1992,1,0,3,0,0,0,1,1,0
THA,1993,2,1,7,1,0,0,2,1,1
THA,1994,1,1,1,1,1,0,0,1,1
THA,1995,7,12,36,12,5,1,1,1,1
THA,1996,1,1,1,1,0,1,0,1,1
THA,1997,3,7,7,7,1,0,2,1,1
THA,1998,4,12,12,12,4,0,0,1,1
THA,1999,1,1,1,1,0,0,1,1,1
THA,2000,1,8,8,8,1,0,0,1,1
THA,2001,3,25,25,25,3,0,0,1,1
THA,2002,1,23,23,23,1,0,0,1,1
THA,2003,16,26,27,26,16,0,0,1,1
THA,2004,126,310,317,308,66,0,60,1,1
THA,2005,434,494,514,490,175,0,259,1,1
THA,2006,445,541,546,541,160,0,285,1,1
THA,2007,367,518,530,518,124,0,243,1,1
THA,2008,224,328,331,328,93,0,131,1,1
THA,2009,169,258,269,253,78,0,91,1,1
THA,2010,157,221,225,219,60,0,97,1,1
THA,2011,177,277,302,277,102,0,75,1,1
THA,2012,141,244,266,242,78,0,63,1,1
THA,2013,136,249,252,248,96,0,40,1,1
THA,2014,71,100,113,87,40,0,31,1,1
THA,2015,55,84,90,78,34,0,21,1,1
THA,2016,49,69,69,67,34,0,15,1,1
THA,2017,27,50,51,50,23,0,4,1,1
THA,2018,40,61,64,52,24,0,16,1,1
THA,2019,27,60,60,59,24,0,3,1,1
THA,2020,33,47,48,38,32,0,1,1,1
THA,2021,28,41,41,33,27,0,1,1,1
THA,2022,26,36,37,24,21,0,5,1,1
THA,2023,25,31,33,19,22,0,3,1,1
THA,2024,32,40,42,33,26,0,6,1,1
TJK,1992,38,3859,5758,3856,28,6,4,1,1
TJK,1993,34,1045,1216,1045,34,0,0,1,1
TJK,1994,31,366,655,366,29,0,2,1,1
TJK,1995,46,368,524,362,46,0,0,1,1
TJK,1996,66,2797,2876,2797,63,0,3,1,1
TJK,1997,10,97,97,97,10,0,0,1,1
TJK,1998,19,600,617,600,19,0,0,1,1
TJK,1999,3,4,4,4,3,0,0,1,1
TJK,2000,2,46,46,46,2,0,0,1,1
TJK,2005,1,1,1,1,1,0,0,1,1
TJK,2006,4,8,10,8,4,0,0,1,1
TJK,2009,7,17,18,17,7,0,0,1,1
TJK,2010,21,98,244,93,21,0,0,1,1
TJK,2011,5,28,30,21,5,0,0,1,1
TJK,2013,2,3,3,3,2,0,0,1,1
TJK,2014,2,3,3,3,2,0,0,1,1
TJK,2018,3,56,67,56,2,0,1,1,1
TJK,2019,3,53,79,28,3,0,0,1,1
TJK,2021,5,16,16,16,5,0,0,1,1
TJK,2022,26,87,94,75,26,0,0,1,1
TTO,1990,3,39,55,32,3,0,0,1,1
TUN,2002,1,21,21,21,0,0,1,1,1
TUN,2011,2,8,13,8,2,0,0,1,1
TUN,2012,2,3,3,3,2,0,0,1,1
TUN,2013,8,29,30,29,8,0,0,1,1
TUN,2014,22,51,61,51,22,0,0,1,1
TUN,2015,26,137,139,137,23,0,3,1,1
TUN,2016,15,88,89,88,15,0,0,1,1
TUN,2017,10,15,21,12,10,0,0,1,1
TUN,2018,13,25,25,23,12,0,1,1,1
TUN,2019,9,20,20,20,9,0,0,1,1
TUN,2020,5,12,12,12,5,0,0,1,1
TUN,2021,9,18,19,18,9,0,0,1,1
TUN,2022,1,3,3,3,1,0,0,1,1
TUN,2023,1,3,3,3,1,0,0,1,1
TUR,1989,201,538,538,538,163,0,38,1,1
TUR,1990,223,630,629,618,187,0,36,1,1
TUR,1991,158,448,453,448,140,0,18,1,1
TUR,1992,341,1926,1939,1915,285,0,56,1,1
TUR,1993,500,2765,3974,2765,397,0,103,1,1
TUR,1994,638,4182,4290,4182,589,0,49,1,1
TUR,1995,816,3650,4347,3643,798,0,18,1,1
TUR,1996,647,3811,3903,3799,637,0,10,1,1
TUR,1997,498,2600,2713,2597,492,0,6,1,1
TUR,1998,328,2058,2064,2057,320,0,8,1,1
TUR,1999,267,1155,1232,1155,257,0,10,1,1
TUR,2000,33,153,157,153,33,0,0,1,1
TUR,2001,33,120,135,120,33,0,0,1,1
TUR,2002,21,34,38,34,21,0,0,1,1
TUR,2003,43,150,152,150,39,0,4,1,1
TUR,2004,124,221,359,221,123,0,1,1,1
TUR,2005,114,295,326,290,114,0,0,1,1
TUR,2006,92,226,277,226,92,0,0,1,1
TUR,2007,137,502,525,502,132,0,5,1,1
TUR,2008,129,491,512,486,124,0,5,1,1
TUR,2009,47,138,138,133,47,0,0,1,1
TUR,2010,78,234,292,225,78,0,0,1,1
TUR,2011,114,410,437,409,114,0,0,1,1
TUR,2012,141,789,802,789,140,0,1,1,1
TUR,2013,9,75,80,23,5,3,1,1,1
TUR,2014,8,11,12,10,8,0,0,1,1
TUR,2015,232,1061,1250,1056,224,0,8,1,1
TUR,2016,234,1561,1657,1561,228,0,6,1,1
TUR,2017,65,462,476,462,59,0,6,1,1
TUR,2018,181,461,473,459,176,5,0,1,1
TUR,2019,144,311,326,311,135,7,2,1,1
TUR,2020,116,226,236,226,112,0,4,1,1
TUR,2021,82,132,150,132,80,2,0,1,1
TUR,2022,65,107,120,107,61,2,2,1,1
TUR,2023,58,108,114,108,56,0,2,1,1
TUR,2024,28,43,52,43,25,0,3,1,1
TZA,1992,1,1,1,1,0,0,1,1,1
TZA,1996,1,10,10,10,0,1,0,1,1
TZA,1997,1,3,3,3,0,0,1,1,1
TZA,1999,1,0,4,0,0,0,1,1,0
TZA,2001,7,37,71,37,0,0,7,1,1
TZA,2007,1,3,3,3,0,0,1,1,1
TZA,2012,1,1,1,1,0,0,1,1,1
TZA,2014,1,10,10,0,0,0,1,1,1
TZA,2017,1,1,1,1,0,0,1,1,1
TZA,2018,1,1,1,1,0,0,1,1,1
TZA,2019,3,8,8,7,0,0,3,1,1
TZA,2020,17,44,64,39,2,0,15,1,1
TZA,2021,8,26,27,18,4,0,4,1,1
TZA,2022,3,4,4,4,1,0,2,1,1
TZA,2024,5,6,6,5,0,0,5,1,1
UGA,1989,24,1057,1110,1057,18,0,6,1,1
UGA,1990,34,809,821,809,15,0,19,1,1
UGA,1991,21,1018,1018,1018,9,0,12,1,1
UGA,1992,4,76,76,76,2,2,0,1,1
UGA,1994,18,160,240,160,13,0,5,1,1
UGA,1995,20,537,584,537,16,0,4,1,1
UGA,1996,120,1798,2224,1798,58,0,62,1,1
UGA,1997,77,1354,1645,1354,53,0,24,1,1
UGA,1998,121,1214,1491,1214,70,4,47,1,1
UGA,1999,89,1024,1284,1016,32,5,52,1,1
UGA,2000,116,1238,1273,1238,60,17,39,1,1
UGA,2001,55,212,281,212,31,5,19,1,1
UGA,2002,164,1316,1405,1316,93,2,69,1,1
UGA,2003,194,1628,2557,1627,93,26,75,1,1
UGA,2004,251,2004,2700,1962,199,6,46,1,1
UGA,2005,221,922,1047,922,163,8,50,1,1
UGA,2006,98,334,444,334,78,7,13,1,1
UGA,2007,21,156,235,156,11,4,6,1,1
UGA,2008,8,32,74,31,0,7,1,1,1
UGA,2009,6,59,59,59,0,4,2,1,1
UGA,2010,1,74,76,74,0,0,1,1,1
UGA,2014,1,7,7,7,0,0,1,1,1
UGA,2016,2,30,30,30,0,2,0,1,1
UGA,2017,1,0,1,0,1,0,0,1,0
UGA,2018,2,2,2,2,0,0,2,1,1
UGA,2019,2,2,2,2,0,0,2,1,1
UGA,2021,12,23,24,23,10,0,2,1,1
UGA,2022,6,25,28,25,6,0,0,1,1
UGA,2023,12,79,86,74,6,0,6,1,1
UGA,2024,1,1,1,0,0,0,1,1,1
UKR,2014,1303,4946,5687,4823,1302,1,0,1,1
UKR,2015,871,1894,1951,1739,871,0,0,1,1
UKR,2016,514,699,768,490,514,0,0,1,1
UKR,2017,216,447,497,422,216,0,0,1,1
UKR,2018,153,243,257,168,153,0,0,1,1
UKR,2019,199,311,311,259,199,0,0,1,1
UKR,2020,145,196,257,113,145,0,0,1,1
UKR,2021,167,208,213,167,167,0,0,1,1
UKR,2022,7429,92615,168564,69887,7221,0,208,1,1
UKR,2023,10181,75393,135738,59597,10174,0,7,1,1
UKR,2024,10369,68116,115424,62559,10358,0,11,1,1
USA,2001,3,2986,2986,2986,2,0,1,1,1
USA,2010,1,2,2,2,0,1,0,1,1
USA,2015,1,14,14,14,0,0,1,1,1
USA,2017,1,8,8,8,0,0,1,1,1
USA,2018,1,1,1,1,0,0,1,1,1
USA,2019,1,4,4,4,0,1,0,1,1
USA,2022,1,1,1,1,0,1,0,1,1
UZB,1999,6,50,58,47,6,0,0,1,1
UZB,2000,16,297,307,266,16,0,0,1,1
UZB,2004,8,37,50,19,8,0,0,1,1
UZB,2009,2,16,16,16,2,0,0,1,1
VEN,1989,54,58,439,58,0,0,54,1,1
VEN,1990,66,64,79,64,0,0,66,1,1
VEN,1991,38,30,41,30,0,0,38,1,1
VEN,1992,75,223,358,223,4,0,71,1,1
VEN,1993,75,63,92,63,0,0,75,1,1
VEN,1994,47,164,180,164,0,1,46,1,1
VEN,1995,45,28,80,28,0,0,45,1,1
VEN,1996,53,33,58,33,0,0,53,1,1
VEN,1997,5,33,33,33,0,2,3,1,1
VEN,1998,14,10,17,10,0,0,14,1,1
VEN,1999,41,26,47,26,0,0,41,1,1
VEN,2000,40,27,48,27,0,0,40,1,1
VEN,2001,50,27,60,27,0,0,50,1,1
VEN,2002,30,27,39,27,0,2,28,1,1
VEN,2003,40,25,53,25,0,0,40,1,1
VEN,2004,50,31,67,22,0,0,50,1,1
VEN,2005,32,30,45,19,0,0,32,1,1
VEN,2006,21,22,28,22,0,0,21,1,1
VEN,2007,25,17,37,17,1,0,24,1,1
VEN,2008,44,27,63,27,0,0,44,1,1
VEN,2009,49,27,66,27,0,0,49,1,1
VEN,2010,44,23,55,23,0,0,44,1,1
VEN,2011,22,11,23,11,0,0,22,1,1
VEN,2012,29,33,65,33,0,1,28,1,1
VEN,2013,41,9,57,9,0,0,41,1,1
VEN,2014,42,49,55,49,0,0,42,1,1
VEN,2015,30,32,39,32,0,0,30,1,1
VEN,2016,60,60,97,60,0,0,60,1,1
VEN,2017,94,76,113,76,0,0,94,1,1
VEN,2018,91,94,127,94,0,0,91,1,1
VEN,2019,76,83,101,83,0,0,76,1,1
VEN,2020,4,5,5,5,0,0,4,1,1
VEN,2021,10,20,20,20,1,2,7,1,1
VEN,2022,23,39,40,38,1,5,17,1,1
VEN,2023,15,16,17,16,0,0,15,1,1
VEN,2024,10,12,12,8,0,0,10,1,1
YEM,1994,72,1489,3253,1283,72,0,0,1,1
YEM,2000,1,19,19,19,1,0,0,1,1
YEM,2002,1,2,2,2,1,0,0,1,1
YEM,2003,1,6,6,6,0,1,0,1,1
YEM,2004,2,29,30,28,0,2,0,1,1
YEM,2008,2,21,21,21,2,0,0,1,1
YEM,2009,5,94,103,94,5,0,0,1,1
YEM,2010,63,201,270,166,61,2,0,1,1
YEM,2011,219,1430,1540,1303,174,4,41,1,1
YEM,2012,253,2461,2555,2453,248,5,0,1,1
YEM,2013,126,578,646,572,126,0,0,1,1
YEM,2014,281,2364,2902,2331,249,32,0,1,1
YEM,2015,605,8125,9194,7588,538,61,6,1,1
YEM,2016,343,4027,4148,3937,230,110,3,1,1
YEM,2017,397,3620,4110,3419,294,102,1,1,1
YEM,2018,387,4996,7172,4832,312,73,2,1,1
YEM,2019,304,2959,3913,2331,223,79,2,1,1
YEM,2020,657,6754,16792,4132,590,59,8,1,1
YEM,2021,768,23463,33771,22191,729,22,17,1,1
YEM,2022,455,3220,3935,2386,401,44,10,1,1
YEM,2023,319,931,4760,827,272,37,10,1,1
YEM,2024,184,990,1093,548,155,23,6,1,1
ZAF,1989,279,645,839,644,57,185,37,1,1
ZAF,1990,562,1459,2072,1459,0,399,163,1,1
ZAF,1991,448,737,1120,734,0,385,63,1,1
ZAF,1992,574,761,954,761,0,481,93,1,1
ZAF,1993,576,895,1210,895,0,417,159,1,1
ZAF,1994,263,532,665,532,0,232,31,1,1
ZAF,1995,39,143,175,143,0,39,0,1,1
ZAF,1996,37,156,287,155,0,37,0,1,1
ZAF,1997,20,30,68,30,0,20,0,1,1
ZAF,1998,23,44,141,44,0,23,0,1,1
ZAF,1999,11,19,28,19,0,11,0,1,1
ZAF,2000,1,0,1,0,0,1,0,1,0
ZAF,2002,3,2,8,2,0,0,3,1,1
ZAF,2004,4,0,18,0,0,4,0,1,0
ZAF,2010,1,1,1,1,0,0,1,1,1
ZAF,2015,1,0,1,0,0,0,1,1,0
ZAF,2016,3,3,4,1,0,2,1,1,1
ZAF,2018,3,12,12,11,0,2,1,1,1
ZAF,2019,6,8,10,7,0,4,2,1,1
ZAF,2020,18,29,92,29,0,12,6,1,1
ZAF,2021,12,123,161,123,0,12,0,1,1
ZAF,2022,4,4,5,1,0,4,0,1,1
ZAF,2023,5,5,5,1,0,3,2,1,1
ZAF,2024,2,2,2,2,0,0,2,1,1
ZMB,1989,25,87,87,87,0,0,25,1,1
ZMB,1990,9,40,40,40,0,0,9,1,1
ZMB,1993,1,1,1,1,0,0,1,1,1
ZMB,2000,1,1,1,1,0,0,1,1,1
ZMB,2001,2,7,17,7,0,0,2,1,1
ZWE,1989,3,37,37,37,0,0,3,1,1
ZWE,1990,3,14,14,14,0,0,3,1,1
ZWE,1995,2,4,4,1,0,0,2,1,1
ZWE,1998,1,1,1,1,0,0,1,1,1
ZWE,1999,1,1,1,1,0,0,1,1,1
ZWE,2001,1,0,1,0,0,0,1,1,0
ZWE,2003,1,0,2,0,0,0,1,1,0
ZWE,2007,2,0,7,0,0,0,2,1,0
ZWE,2008,40,253,317,253,0,0,40,1,1
ZWE,2009,1,0,1,0,0,0,1,1,0
ZWE,2011,1,1,1,1,0,0,1,1,1
ZWE,2012,1,1,1,1,0,0,1,1,1
ZWE,2018,2,4,4,4,0,0,2,1,1
ZWE,2019,8,8,9,8,0,0,8,1,1
ZWE,2020,1,2,2,2,0,0,1,1,1
